player_id,player_role,suffix_name,suffix_bonus,suffix_prob,effective_bonus
10366616,Support,of the Ant,8,0.09932806195402194,0.007946244956321756
10366616,Support,of the Bull,9,0.057728504793749864,0.005195565431437487
10366616,Support,of the Mule,21,0.045618953374689096,0.00957998020868471
10366616,Support,of the Octopus,7,0.8491663423952032,0.05944164396766422
10366616,Support,of the Raven,6,0.017844859332023507,0.0010706915599214104
10366616,Support,the Accomplice,7,0.34171735774185524,0.023920215041929867
10366616,Support,the Decisive,25,0.015469079239865326,0.0038672698099663314
10366616,Support,the Divine Thief,9,0.07433024360106964,0.006689721924096268
10366616,Support,the Even-Keeled,25,0,0
10366616,Support,the Flayed Twins Acolyte,7,0.16383621944571533,0.011468535361200074
10366616,Support,the Loquacious,7,0,0
10366616,Support,the Nothl Pilgrim,7,0.13400236839746946,0.009380165787822862
10366616,Support,the Pacifist,8,0.1819199167919093,0.014553593343352744
10366616,Support,the Patient,13,0,0
10366616,Support,the Tormented,9,0.0698464179001864,0.006286177611016777
10366616,Support,the Underdog,6,0.322203165752109,0.019332189945126543
25907144,Support,of the Ant,8,0.09240885304239677,0.007392708243391741
25907144,Support,of the Bull,9,0.018188367696490057,0.0016369530926841052
25907144,Support,of the Mule,21,0.1050321276139618,0.022056746798931978
25907144,Support,of the Octopus,7,0.7094507570829638,0.04966155299580746
25907144,Support,of the Raven,6,0.017844859332023507,0.0010706915599214104
25907144,Support,the Accomplice,7,0.4126991267928193,0.02888893887549735
25907144,Support,the Decisive,25,0.015469079239865326,0.0038672698099663314
25907144,Support,the Divine Thief,9,0.07433024360106964,0.006689721924096268
25907144,Support,the Even-Keeled,25,0,0
25907144,Support,the Flayed Twins Acolyte,7,0.16383621944571533,0.011468535361200074
25907144,Support,the Loquacious,7,0.05913283419810967,0.004139298393867677
25907144,Support,the Nothl Pilgrim,7,0.21340697593530053,0.014938488315471036
25907144,Support,the Pacifist,8,0.10987370985372943,0.008789896788298356
25907144,Support,the Patient,13,0,0
25907144,Support,the Tormented,9,0.0698464179001864,0.006286177611016777
25907144,Support,the Underdog,6,0.322203165752109,0.019332189945126543
56351509,Core,of the Ant,8,0,0
56351509,Core,of the Bull,9,0.047659730424512485,0.004289375738206124
56351509,Core,of the Mule,21,0,0
56351509,Core,of the Octopus,7,0.8693058488454748,0.06085140941918324
56351509,Core,of the Raven,6,0.0504964841053818,0.0030297890463229084
56351509,Core,the Accomplice,7,0.22740802720274317,0.01591856190419202
56351509,Core,the Decisive,25,0.04158684512207724,0.01039671128051931
56351509,Core,the Divine Thief,9,0.07898279725175474,0.0071084517526579264
56351509,Core,the Even-Keeled,25,0,0
56351509,Core,the Flayed Twins Acolyte,7,0.10046732978054303,0.007032713084638011
56351509,Core,the Loquacious,7,0.012688466787084107,8.881926750958875e-4
56351509,Core,the Nothl Pilgrim,7,0,0
56351509,Core,the Pacifist,8,0.08184757268294818,0.006547805814635854
56351509,Core,the Patient,13,0.012688466787084107,0.0016495006823209338
56351509,Core,the Tormented,9,0.02216070730728323,0.0019944636576554905
56351509,Core,the Underdog,6,0.4008337805991967,0.0240500268359518
73401082,Support,of the Ant,8,0.18040660859233137,0.01443252868738651
73401082,Support,of the Bull,9,0.03649318403866487,0.003284386563479838
73401082,Support,of the Mule,21,0.08074108559338086,0.01695562797460998
73401082,Support,of the Octopus,7,0.6841352796906027,0.04788946957834219
73401082,Support,of the Raven,6,0.0504964841053818,0.0030297890463229084
73401082,Support,the Accomplice,7,0.2717576932025683,0.019023038524179782
73401082,Support,the Decisive,25,0.04158684512207724,0.01039671128051931
73401082,Support,the Divine Thief,9,0.07898279725175474,0.0071084517526579264
73401082,Support,the Even-Keeled,25,0,0
73401082,Support,the Flayed Twins Acolyte,7,0.10046732978054303,0.007032713084638011
73401082,Support,the Loquacious,7,0.12243681303398972,0.008570576912379281
73401082,Support,the Nothl Pilgrim,7,0.24603950542532727,0.01722276537977291
73401082,Support,the Pacifist,8,0.09750661397502915,0.0078005291180023315
73401082,Support,the Patient,13,0.012688466787084107,0.0016495006823209338
73401082,Support,the Tormented,9,0.02216070730728323,0.0019944636576554905
73401082,Support,the Underdog,6,0.4008337805991967,0.0240500268359518
81306398,Support,of the Ant,8,0.2823056868701142,0.022584454949609135
81306398,Support,of the Bull,9,0.09571697054925389,0.00861452734943285
81306398,Support,of the Mule,21,0.07229113622082536,0.015181138606373325
81306398,Support,of the Octopus,7,0.44547324002330924,0.031183126801631645
81306398,Support,of the Raven,6,0,0
81306398,Support,the Accomplice,7,0.2133242727676666,0.014932699093736663
81306398,Support,the Decisive,25,0.017362635501954066,0.004340658875488517
81306398,Support,the Divine Thief,9,0.08476181402962903,0.007628563262666612
81306398,Support,the Even-Keeled,25,0,0
81306398,Support,the Flayed Twins Acolyte,7,0.14372556128374914,0.01006078928986244
81306398,Support,the Loquacious,7,0.35117462298581226,0.02458222360900686
81306398,Support,the Nothl Pilgrim,7,0.190618955050802,0.013343326853556142
81306398,Support,the Pacifist,8,0.12136784021057061,0.009709427216845649
81306398,Support,the Patient,13,0,0
81306398,Support,the Tormented,9,0.0393541748801266,0.0035418757392113942
81306398,Support,the Underdog,6,0.4252987877239578,0.02551792726343747
86698277,Core,of the Ant,8,0,0
86698277,Core,of the Bull,9,0.013499720493136916,0.0012149748443823225
86698277,Core,of the Mule,21,0,0
86698277,Core,of the Octopus,7,0.9561829592724391,0.06693280714907074
86698277,Core,of the Raven,6,0.01873825599503704,0.0011242953597022224
86698277,Core,the Accomplice,7,0.13007757388512162,0.009105430171958513
86698277,Core,the Decisive,25,0.04098233349373071,0.010245583373432678
86698277,Core,the Divine Thief,9,0.07353450716943426,0.0066181056452490825
86698277,Core,the Even-Keeled,25,0,0
86698277,Core,the Flayed Twins Acolyte,7,0.07884223142609781,0.005518956199826846
86698277,Core,the Loquacious,7,0,0
86698277,Core,the Nothl Pilgrim,7,0.012131697556803977,8.492188289762784e-4
86698277,Core,the Pacifist,8,0.027449431669378393,0.0021959545335502716
86698277,Core,the Patient,13,0,0
86698277,Core,the Tormented,9,0,0
86698277,Core,the Underdog,6,0.5087735760232035,0.03052641456139221
93618577,Mid,of the Ant,8,0,0
93618577,Mid,of the Bull,9,0.01394971117624148,0.001255474005861733
93618577,Mid,of the Mule,21,0,0
93618577,Mid,of the Octopus,7,0.7355707881934102,0.05148995517353871
93618577,Mid,of the Raven,6,0.01873825599503704,0.0011242953597022224
93618577,Mid,the Accomplice,7,0.007988730138935758,5.592111097255031e-4
93618577,Mid,the Decisive,25,0.04098233349373071,0.010245583373432678
93618577,Mid,the Divine Thief,9,0.07353450716943426,0.0066181056452490825
93618577,Mid,the Even-Keeled,25,0.02600959315520996,0.00650239828880249
93618577,Mid,the Flayed Twins Acolyte,7,0.07884223142609781,0.005518956199826846
93618577,Mid,the Loquacious,7,0.3519563037522469,0.024636941262657284
93618577,Mid,the Nothl Pilgrim,7,0.0351628736385662,0.002461401154699634
93618577,Mid,the Pacifist,8,0.030932454684885036,0.002474596374790803
93618577,Mid,the Patient,13,0,0
93618577,Mid,the Tormented,9,0,0
93618577,Mid,the Underdog,6,0.5087735760232035,0.03052641456139221
94296097,Support,of the Ant,8,0.44541883388309245,0.0356335067106474
94296097,Support,of the Bull,9,0.09911138187544913,0.00892002436879042
94296097,Support,of the Mule,21,0.07967407826490568,0.016731556435630193
94296097,Support,of the Octopus,7,0.7623810936837548,0.05336667655786284
94296097,Support,of the Raven,6,0.024388551829134814,0.001463313109748089
94296097,Support,the Accomplice,7,0.33422534472286164,0.023395774130600313
94296097,Support,the Decisive,25,0.01666056251434004,0.00416514062858501
94296097,Support,the Divine Thief,9,0.11649569052319005,0.010484612147087104
94296097,Support,the Even-Keeled,25,0,0
94296097,Support,the Flayed Twins Acolyte,7,0.09050831450140082,0.006335582015098057
94296097,Support,the Loquacious,7,0.024350901797839764,0.0017045631258487833
94296097,Support,the Nothl Pilgrim,7,0.1401764355387054,0.009812350487709377
94296097,Support,the Pacifist,8,0.25866239752219694,0.020692991801775754
94296097,Support,the Patient,13,0,0
94296097,Support,the Tormented,9,0,0
94296097,Support,the Underdog,6,0.3508587855542842,0.02105152713325705
100058342,Core,of the Ant,8,0,0
100058342,Core,of the Bull,9,0.016031591212224066,0.0014428432091001659
100058342,Core,of the Mule,21,0.04057821612594458,0.008521425386448362
100058342,Core,of the Octopus,7,0.7695632043737882,0.053869424306165176
100058342,Core,of the Raven,6,0.017844859332023507,0.0010706915599214104
100058342,Core,the Accomplice,7,0,0
100058342,Core,the Decisive,25,0.015469079239865326,0.0038672698099663314
100058342,Core,the Divine Thief,9,0.07433024360106964,0.006689721924096268
100058342,Core,the Even-Keeled,25,0,0
100058342,Core,the Flayed Twins Acolyte,7,0.16383621944571533,0.011468535361200074
100058342,Core,the Loquacious,7,0,0
100058342,Core,the Nothl Pilgrim,7,0.025505555729143054,0.0017853889010400136
100058342,Core,the Pacifist,8,0,0
100058342,Core,the Patient,13,0,0
100058342,Core,the Tormented,9,0.0698464179001864,0.006286177611016777
100058342,Core,the Underdog,6,0.322203165752109,0.019332189945126543
101356886,Support,of the Ant,8,0.240534080824468,0.01924272646595744
101356886,Support,of the Bull,9,0.04009029657235718,0.0036081266915121463
101356886,Support,of the Mule,21,0.006430756342645195,0.0013504588319554912
101356886,Support,of the Octopus,7,0.8060536405670788,0.05642375483969552
101356886,Support,of the Raven,6,0.048312352587203906,0.0028987411552322344
101356886,Support,the Accomplice,7,0.31895790500489535,0.022327053350342674
101356886,Support,the Decisive,25,0.06166717319612022,0.015416793299030056
101356886,Support,the Divine Thief,9,0.02222305631085615,0.0020000750679770533
101356886,Support,the Even-Keeled,25,0,0
101356886,Support,the Flayed Twins Acolyte,7,0.02713911597474233,0.001899738118231963
101356886,Support,the Loquacious,7,0,0
101356886,Support,the Nothl Pilgrim,7,0.15523664496879838,0.010866565147815888
101356886,Support,the Pacifist,8,0.2095683854082878,0.016765470832663023
101356886,Support,the Patient,13,0,0
101356886,Support,the Tormented,9,0.01735534006960852,0.0015619806062647668
101356886,Support,the Underdog,6,0.5323468868611511,0.03194081321166906
103735745,Support,of the Ant,8,0.09541806125345591,0.007633444900276473
103735745,Support,of the Bull,9,0.01394971117624148,0.001255474005861733
103735745,Support,of the Mule,21,0,0
103735745,Support,of the Octopus,7,0.8254861101299211,0.05778402770909448
103735745,Support,of the Raven,6,0.01873825599503704,0.0011242953597022224
103735745,Support,the Accomplice,7,0.18776705846198521,0.013143694092338964
103735745,Support,the Decisive,25,0.04098233349373071,0.010245583373432678
103735745,Support,the Divine Thief,9,0.07353450716943426,0.0066181056452490825
103735745,Support,the Even-Keeled,25,0,0
103735745,Support,the Flayed Twins Acolyte,7,0.07884223142609781,0.005518956199826846
103735745,Support,the Loquacious,7,0,0
103735745,Support,the Nothl Pilgrim,7,0.2443616236486065,0.017105313655402455
103735745,Support,the Pacifist,8,0.10505985690792952,0.008404788552634362
103735745,Support,the Patient,13,0,0
103735745,Support,the Tormented,9,0,0
103735745,Support,the Underdog,6,0.5087735760232035,0.03052641456139221
106573901,Mid,of the Ant,8,0,0
106573901,Mid,of the Bull,9,0.013031359853025797,0.0011728223867723216
106573901,Mid,of the Mule,21,0.03547984582906724,0.007450767624104121
106573901,Mid,of the Octopus,7,0.7521451386616704,0.05265015970631693
106573901,Mid,of the Raven,6,0.0504964841053818,0.0030297890463229084
106573901,Mid,the Accomplice,7,0.021221485975594874,0.0014855040182916413
106573901,Mid,the Decisive,25,0.04158684512207724,0.01039671128051931
106573901,Mid,the Divine Thief,9,0.07898279725175474,0.0071084517526579264
106573901,Mid,the Even-Keeled,25,0,0
106573901,Mid,the Flayed Twins Acolyte,7,0.10046732978054303,0.007032713084638011
106573901,Mid,the Loquacious,7,0,0
106573901,Mid,the Nothl Pilgrim,7,0.018793407183670646,0.0013155385028569453
106573901,Mid,the Pacifist,8,0,0
106573901,Mid,the Patient,13,0.012688466787084107,0.0016495006823209338
106573901,Mid,the Tormented,9,0.02216070730728323,0.0019944636576554905
106573901,Mid,the Underdog,6,0.4008337805991967,0.0240500268359518
111114687,Support,of the Ant,8,0.35627000749020804,0.028501600599216644
111114687,Support,of the Bull,9,0.0806458532730873,0.007258126794577857
111114687,Support,of the Mule,21,0.012526259927266501,0.002630514584725965
111114687,Support,of the Octopus,7,0.6534729561605614,0.04574310693123931
111114687,Support,of the Raven,6,0.031592229725347906,0.0018955337835208743
111114687,Support,the Accomplice,7,0.3199490307036956,0.022396432149258693
111114687,Support,the Decisive,25,0.04003847438655675,0.010009618596639187
111114687,Support,the Divine Thief,9,0.10682202172694805,0.009613981955425323
111114687,Support,the Even-Keeled,25,0,0
111114687,Support,the Flayed Twins Acolyte,7,0.1164972071632377,0.00815480450142664
111114687,Support,the Loquacious,7,0,0
111114687,Support,the Nothl Pilgrim,7,0.22456167126836274,0.01571931698878539
111114687,Support,the Pacifist,8,0.16087519946617723,0.012870015957294178
111114687,Support,the Patient,13,0,0
111114687,Support,the Tormented,9,0.03987863786544855,0.003589077407890369
111114687,Support,the Underdog,6,0.41887325067411424,0.025132395040446856
111620041,Mid,of the Ant,8,0,0
111620041,Mid,of the Bull,9,0.031026430094932042,0.002792378708543884
111620041,Mid,of the Mule,21,0.03011761541138473,0.006324699236390793
111620041,Mid,of the Octopus,7,0.7517087809320498,0.052619614665243494
111620041,Mid,of the Raven,6,0.048312352587203906,0.0028987411552322344
111620041,Mid,the Accomplice,7,0.025455961825664515,0.0017819173277965161
111620041,Mid,the Decisive,25,0.06166717319612022,0.015416793299030056
111620041,Mid,the Divine Thief,9,0.02222305631085615,0.0020000750679770533
111620041,Mid,the Even-Keeled,25,0,0
111620041,Mid,the Flayed Twins Acolyte,7,0.02713911597474233,0.001899738118231963
111620041,Mid,the Loquacious,7,0,0
111620041,Mid,the Nothl Pilgrim,7,0.02907907694892319,0.002035535386424623
111620041,Mid,the Pacifist,8,0.021041203752877068,0.0016832963002301653
111620041,Mid,the Patient,13,0,0
111620041,Mid,the Tormented,9,0.01735534006960852,0.0015619806062647668
111620041,Mid,the Underdog,6,0.5323468868611511,0.03194081321166906
118134220,Core,of the Ant,8,0,0
118134220,Core,of the Bull,9,0.03878547456710192,0.003490692711039173
118134220,Core,of the Mule,21,0,0
118134220,Core,of the Octopus,7,0.9251298423081394,0.06475908896156976
118134220,Core,of the Raven,6,0.031592229725347906,0.0018955337835208743
118134220,Core,the Accomplice,7,0.11255906677733112,0.00787913467441318
118134220,Core,the Decisive,25,0.04003847438655675,0.010009618596639187
118134220,Core,the Divine Thief,9,0.10682202172694805,0.009613981955425323
118134220,Core,the Even-Keeled,25,0,0
118134220,Core,the Flayed Twins Acolyte,7,0.1164972071632377,0.00815480450142664
118134220,Core,the Loquacious,7,0,0
118134220,Core,the Nothl Pilgrim,7,0.0982412910651946,0.0068768903745636215
118134220,Core,the Pacifist,8,0.04353819171736859,0.0034830553373894875
118134220,Core,the Patient,13,0,0
118134220,Core,the Tormented,9,0.03987863786544855,0.003589077407890369
118134220,Core,the Underdog,6,0.41887325067411424,0.025132395040446856
127617979,Core,of the Ant,8,0,0
127617979,Core,of the Bull,9,0,0
127617979,Core,of the Mule,21,0.0057553714710320576,0.0012086280089167322
127617979,Core,of the Octopus,7,0.8736118812695459,0.06115283168886822
127617979,Core,of the Raven,6,0.01873825599503704,0.0011242953597022224
127617979,Core,the Accomplice,7,0,0
127617979,Core,the Decisive,25,0.04098233349373071,0.010245583373432678
127617979,Core,the Divine Thief,9,0.07353450716943426,0.0066181056452490825
127617979,Core,the Even-Keeled,25,0.008814528132186488,0.002203632033046622
127617979,Core,the Flayed Twins Acolyte,7,0.07884223142609781,0.005518956199826846
127617979,Core,the Loquacious,7,0,0
127617979,Core,the Nothl Pilgrim,7,0,0
127617979,Core,the Pacifist,8,0.09038794563845841,0.007231035651076673
127617979,Core,the Patient,13,0,0
127617979,Core,the Tormented,9,0,0
127617979,Core,the Underdog,6,0.5087735760232035,0.03052641456139221
129958758,Core,of the Ant,8,0,0
129958758,Core,of the Bull,9,0.016725029547330093,0.0015052526592597086
129958758,Core,of the Mule,21,0,0
129958758,Core,of the Octopus,7,0.9005592759157297,0.06303914931410108
129958758,Core,of the Raven,6,0.020315077034201053,0.0012189046220520631
129958758,Core,the Accomplice,7,0.09189854651092402,0.006432898255764682
129958758,Core,the Decisive,25,0.00976282895238928,0.00244070723809732
129958758,Core,the Divine Thief,9,0.09216889786537011,0.00829520080788331
129958758,Core,the Even-Keeled,25,0,0
129958758,Core,the Flayed Twins Acolyte,7,0.09067756546569655,0.006347429582598758
129958758,Core,the Loquacious,7,0.1090862166084108,0.007636035162588756
129958758,Core,the Nothl Pilgrim,7,0.03408857565348817,0.002386200295744172
129958758,Core,the Pacifist,8,0.06668929686176318,0.005335143748941055
129958758,Core,the Patient,13,0,0
129958758,Core,the Tormented,9,0.008351300456190142,7.516170410571128e-4
129958758,Core,the Underdog,6,0.3735711122133149,0.022414266732798893
131303632,Mid,of the Ant,8,0,0
131303632,Mid,of the Bull,9,0.02233404321280522,0.00201006388915247
131303632,Mid,of the Mule,21,0.07796618066099084,0.016372897938808077
131303632,Mid,of the Octopus,7,0.7018708485864635,0.04913095940105244
131303632,Mid,of the Raven,6,0,0
131303632,Mid,the Accomplice,7,0.019445008038613026,0.0013611505627029118
131303632,Mid,the Decisive,25,0.017362635501954066,0.004340658875488517
131303632,Mid,the Divine Thief,9,0.08476181402962903,0.007628563262666612
131303632,Mid,the Even-Keeled,25,0,0
131303632,Mid,the Flayed Twins Acolyte,7,0.14372556128374914,0.01006078928986244
131303632,Mid,the Loquacious,7,0,0
131303632,Mid,the Nothl Pilgrim,7,0,0
131303632,Mid,the Pacifist,8,0,0
131303632,Mid,the Patient,13,0,0
131303632,Mid,the Tormented,9,0.0393541748801266,0.0035418757392113942
131303632,Mid,the Underdog,6,0.4252987877239578,0.02551792726343747
137129583,Mid,of the Ant,8,0,0
137129583,Mid,of the Bull,9,0.03790071012047324,0.0034110639108425917
137129583,Mid,of the Mule,21,0,0
137129583,Mid,of the Octopus,7,0.8124001900880532,0.05686801330616373
137129583,Mid,of the Raven,6,0.020315077034201053,0.0012189046220520631
137129583,Mid,the Accomplice,7,0.014738947219517967,0.0010317263053662576
137129583,Mid,the Decisive,25,0.00976282895238928,0.00244070723809732
137129583,Mid,the Divine Thief,9,0.09216889786537011,0.00829520080788331
137129583,Mid,the Even-Keeled,25,0,0
137129583,Mid,the Flayed Twins Acolyte,7,0.09067756546569655,0.006347429582598758
137129583,Mid,the Loquacious,7,0.19191888739443527,0.013434322117610469
137129583,Mid,the Nothl Pilgrim,7,0.07241218808177198,0.0050688531657240386
137129583,Mid,the Pacifist,8,0.056870341921534937,0.004549627353722795
137129583,Mid,the Patient,13,0,0
137129583,Mid,the Tormented,9,0.008351300456190142,7.516170410571128e-4
137129583,Mid,the Underdog,6,0.3735711122133149,0.022414266732798893
140288368,Support,of the Ant,8,0.3575656279988106,0.028605250239904848
140288368,Support,of the Bull,9,0.03694474846257513,0.003325027361631762
140288368,Support,of the Mule,21,0.00843409689976028,0.0017711603489496588
140288368,Support,of the Octopus,7,0.6458756573727269,0.045211296016090884
140288368,Support,of the Raven,6,0.022931030934505377,0.0013758618560703226
140288368,Support,the Accomplice,7,0.2813270347774419,0.019692892434420933
140288368,Support,the Decisive,25,0.014620099656691388,0.003655024914172847
140288368,Support,the Divine Thief,9,0.07243357703996382,0.006519021933596744
140288368,Support,the Even-Keeled,25,0,0
140288368,Support,the Flayed Twins Acolyte,7,0.06626282195695861,0.004638397536987103
140288368,Support,the Loquacious,7,0,0
140288368,Support,the Nothl Pilgrim,7,0.4149047343424758,0.02904333140397331
140288368,Support,the Pacifist,8,0.20044849058939426,0.01603587924715154
140288368,Support,the Patient,13,0,0
140288368,Support,the Tormented,9,0.02983512159844782,0.002685160943860304
140288368,Support,the Underdog,6,0.4071572498110195,0.02442943498866117
140297552,Core,of the Ant,8,0,0
140297552,Core,of the Bull,9,0,0
140297552,Core,of the Mule,21,0.01779184903466024,0.00373628829727865
140297552,Core,of the Octopus,7,0.8481420376807163,0.059369942637650136
140297552,Core,of the Raven,6,0.048312352587203906,0.0028987411552322344
140297552,Core,the Accomplice,7,0.07008901718322388,0.004906231202825672
140297552,Core,the Decisive,25,0.06166717319612022,0.015416793299030056
140297552,Core,the Divine Thief,9,0.02222305631085615,0.0020000750679770533
140297552,Core,the Even-Keeled,25,0,0
140297552,Core,the Flayed Twins Acolyte,7,0.02713911597474233,0.001899738118231963
140297552,Core,the Loquacious,7,0.06487932344861651,0.004541552641403155
140297552,Core,the Nothl Pilgrim,7,0.08556582272157934,0.005989607590510554
140297552,Core,the Pacifist,8,0.040239984882699795,0.0032191987906159836
140297552,Core,the Patient,13,0,0
140297552,Core,the Tormented,9,0.01735534006960852,0.0015619806062647668
140297552,Core,the Underdog,6,0.5323468868611511,0.03194081321166906
150961567,Support,of the Ant,8,0.01976701011781744,0.0015813608094253954
150961567,Support,of the Bull,9,0.07638126289469702,0.006874313660522732
150961567,Support,of the Mule,21,0.008514943825610568,0.0017881382033782193
150961567,Support,of the Octopus,7,0.6791365686182402,0.047539559803276815
150961567,Support,of the Raven,6,0.031592229725347906,0.0018955337835208743
150961567,Support,the Accomplice,7,0.12902368923874707,0.009031658246712294
150961567,Support,the Decisive,25,0.04003847438655675,0.010009618596639187
150961567,Support,the Divine Thief,9,0.10682202172694805,0.009613981955425323
150961567,Support,the Even-Keeled,25,0,0
150961567,Support,the Flayed Twins Acolyte,7,0.1164972071632377,0.00815480450142664
150961567,Support,the Loquacious,7,0,0
150961567,Support,the Nothl Pilgrim,7,0.09747733810056293,0.006823413667039405
150961567,Support,the Pacifist,8,0.09438445888775948,0.007550756711020758
150961567,Support,the Patient,13,0,0
150961567,Support,the Tormented,9,0.03987863786544855,0.003589077407890369
150961567,Support,the Underdog,6,0.41887325067411424,0.025132395040446856
152168157,Support,of the Ant,8,0.27628645642039373,0.0221029165136315
152168157,Support,of the Bull,9,0.043588997937132536,0.003923009814341929
152168157,Support,of the Mule,21,0,0
152168157,Support,of the Octopus,7,0.46343120553798667,0.03244018438765907
152168157,Support,of the Raven,6,0.049994146551954284,0.0029996487931172574
152168157,Support,the Accomplice,7,0.08400742779685008,0.005880519945779506
152168157,Support,the Decisive,25,0.056895890197420494,0.014223972549355124
152168157,Support,the Divine Thief,9,0.0160554152873564,0.001444987375862076
152168157,Support,the Even-Keeled,25,0,0
152168157,Support,the Flayed Twins Acolyte,7,0.026892390755215358,0.0018824673528650751
152168157,Support,the Loquacious,7,0.04505848678804448,0.0031540940751631137
152168157,Support,the Nothl Pilgrim,7,0.3227950233798852,0.02259565163659196
152168157,Support,the Pacifist,8,0.0724485281536489,0.005795882252291912
152168157,Support,the Patient,13,0,0
152168157,Support,the Tormented,9,0.016615552483990506,0.0014953997235591454
152168157,Support,the Underdog,6,0.5372646413724272,0.03223587848234564
157475523,Support,of the Ant,8,0.0753357212987463,0.006026857703899704
157475523,Support,of the Bull,9,0.051426520504484874,0.0046283868454036385
157475523,Support,of the Mule,21,0.045351739954418234,0.009523865390427828
157475523,Support,of the Octopus,7,0.705002518603236,0.04935017630222652
157475523,Support,of the Raven,6,0,0
157475523,Support,the Accomplice,7,0.21402359642143656,0.01498165174950056
157475523,Support,the Decisive,25,0.014836995369699206,0.0037092488424248014
157475523,Support,the Divine Thief,9,0.060750769770773885,0.005467569279369649
157475523,Support,the Even-Keeled,25,0,0
157475523,Support,the Flayed Twins Acolyte,7,0.08999837813668343,0.0062998864695678405
157475523,Support,the Loquacious,7,0,0
157475523,Support,the Nothl Pilgrim,7,0.15949376509095123,0.011164563556366587
157475523,Support,the Pacifist,8,0.06163693535491439,0.004930954828393151
157475523,Support,the Patient,13,0,0
157475523,Support,the Tormented,9,0.016027561645594664,0.0014424805481035197
157475523,Support,the Underdog,6,0.39519077217827825,0.023711446330696696
157989498,Support,of the Ant,8,0.12799357194509045,0.010239485755607236
157989498,Support,of the Bull,9,0.08258691790534513,0.0074328226114810615
157989498,Support,of the Mule,21,0,0
157989498,Support,of the Octopus,7,0.8441394662611462,0.05908976263828023
157989498,Support,of the Raven,6,0,0
157989498,Support,the Accomplice,7,0.27109022201654087,0.018976315541157862
157989498,Support,the Decisive,25,0.017362635501954066,0.004340658875488517
157989498,Support,the Divine Thief,9,0.08476181402962903,0.007628563262666612
157989498,Support,the Even-Keeled,25,0,0
157989498,Support,the Flayed Twins Acolyte,7,0.14372556128374914,0.01006078928986244
157989498,Support,the Loquacious,7,0.22274273853754367,0.015591991697628056
157989498,Support,the Nothl Pilgrim,7,0.22118413750492424,0.015482889625344698
157989498,Support,the Pacifist,8,0.1823040402521579,0.014584323220172633
157989498,Support,the Patient,13,0,0
157989498,Support,the Tormented,9,0.0393541748801266,0.0035418757392113942
157989498,Support,the Underdog,6,0.4252987877239578,0.02551792726343747
164199202,Support,of the Ant,8,0.2880793004586772,0.023046344036694175
164199202,Support,of the Bull,9,0.08323068161660489,0.00749076134549444
164199202,Support,of the Mule,21,0.02835349326383834,0.0059542335854060515
164199202,Support,of the Octopus,7,0.6302534147626988,0.04411773903338892
164199202,Support,of the Raven,6,0.0504964841053818,0.0030297890463229084
164199202,Support,the Accomplice,7,0.2010795112301687,0.01407556578611181
164199202,Support,the Decisive,25,0.04158684512207724,0.01039671128051931
164199202,Support,the Divine Thief,9,0.07898279725175474,0.0071084517526579264
164199202,Support,the Even-Keeled,25,0,0
164199202,Support,the Flayed Twins Acolyte,7,0.10046732978054303,0.007032713084638011
164199202,Support,the Loquacious,7,0.1859252397820864,0.013014766784746048
164199202,Support,the Nothl Pilgrim,7,0.40098992046177645,0.02806929443232435
164199202,Support,the Pacifist,8,0.10229548928653126,0.008183639142922501
164199202,Support,the Patient,13,0.012688466787084107,0.0016495006823209338
164199202,Support,the Tormented,9,0.02216070730728323,0.0019944636576554905
164199202,Support,the Underdog,6,0.4008337805991967,0.0240500268359518
165564598,Core,of the Ant,8,0,0
165564598,Core,of the Bull,9,0,0
165564598,Core,of the Mule,21,0.07675153206387764,0.016117821733414302
165564598,Core,of the Octopus,7,0.7905246970789112,0.05533672879552378
165564598,Core,of the Raven,6,0.029871783904405324,0.0017923070342643194
165564598,Core,the Accomplice,7,0.1339577628239067,0.009377043397673469
165564598,Core,the Decisive,25,0.019152486993703716,0.004788121748425929
165564598,Core,the Divine Thief,9,0.03804155530552717,0.0034237399774974453
165564598,Core,the Even-Keeled,25,0.04397076516540703,0.010992691291351758
165564598,Core,the Flayed Twins Acolyte,7,0.03466715674327589,0.0024267009720293125
165564598,Core,the Loquacious,7,0.04893879009199646,0.0034257153064397522
165564598,Core,the Nothl Pilgrim,7,0.06242255046156585,0.004369578532309609
165564598,Core,the Pacifist,8,0.03008832893193905,0.002407066314555124
165564598,Core,the Patient,13,0,0
165564598,Core,the Tormented,9,0,0
165564598,Core,the Underdog,6,0.36975672000339904,0.022185403200203943
173978074,Mid,of the Ant,8,0,0
173978074,Mid,of the Bull,9,0.02790443804151153,0.0025113994237360377
173978074,Mid,of the Mule,21,0,0
173978074,Mid,of the Octopus,7,0.71553863125902,0.050087704188131396
173978074,Mid,of the Raven,6,0.031592229725347906,0.0018955337835208743
173978074,Mid,the Accomplice,7,0.0475368785823196,0.003327581500762372
173978074,Mid,the Decisive,25,0.04003847438655675,0.010009618596639187
173978074,Mid,the Divine Thief,9,0.10682202172694805,0.009613981955425323
173978074,Mid,the Even-Keeled,25,0.08938721010218564,0.02234680252554641
173978074,Mid,the Flayed Twins Acolyte,7,0.1164972071632377,0.00815480450142664
173978074,Mid,the Loquacious,7,0.3051581808813403,0.02136107266169382
173978074,Mid,the Nothl Pilgrim,7,0.05042850710571262,0.003529995497399883
173978074,Mid,the Pacifist,8,0,0
173978074,Mid,the Patient,13,0,0
173978074,Mid,the Tormented,9,0.03987863786544855,0.003589077407890369
173978074,Mid,the Underdog,6,0.41887325067411424,0.025132395040446856
177203952,Core,of the Ant,8,0,0
177203952,Core,of the Bull,9,0.014214944478688941,0.0012793450030820048
177203952,Core,of the Mule,21,0,0
177203952,Core,of the Octopus,7,0.6543247217195388,0.045802730520367714
177203952,Core,of the Raven,6,0,0
177203952,Core,the Accomplice,7,0,0
177203952,Core,the Decisive,25,0.017362635501954066,0.004340658875488517
177203952,Core,the Divine Thief,9,0.08476181402962903,0.007628563262666612
177203952,Core,the Even-Keeled,25,0,0
177203952,Core,the Flayed Twins Acolyte,7,0.14372556128374914,0.01006078928986244
177203952,Core,the Loquacious,7,0,0
177203952,Core,the Nothl Pilgrim,7,0.030398558725108844,0.002127899110757619
177203952,Core,the Pacifist,8,0,0
177203952,Core,the Patient,13,0,0
177203952,Core,the Tormented,9,0.0393541748801266,0.0035418757392113942
177203952,Core,the Underdog,6,0.4252987877239578,0.02551792726343747
183719386,Core,of the Ant,8,0,0
183719386,Core,of the Bull,9,0,0
183719386,Core,of the Mule,21,0.06560100738157337,0.013776211550130408
183719386,Core,of the Octopus,7,0.9068542713874226,0.06347979899711959
183719386,Core,of the Raven,6,0.017844859332023507,0.0010706915599214104
183719386,Core,the Accomplice,7,0.009381972111111974,6.567380477778382e-4
183719386,Core,the Decisive,25,0.015469079239865326,0.0038672698099663314
183719386,Core,the Divine Thief,9,0.07433024360106964,0.006689721924096268
183719386,Core,the Even-Keeled,25,0.008428642605207837,0.0021071606513019593
183719386,Core,the Flayed Twins Acolyte,7,0.16383621944571533,0.011468535361200074
183719386,Core,the Loquacious,7,0,0
183719386,Core,the Nothl Pilgrim,7,0.006333741138303356,4.433618796812349e-4
183719386,Core,the Pacifist,8,0,0
183719386,Core,the Patient,13,0,0
183719386,Core,the Tormented,9,0.0698464179001864,0.006286177611016777
183719386,Core,the Underdog,6,0.322203165752109,0.019332189945126543
196878136,Support,of the Ant,8,0.22607082382642354,0.018085665906113883
196878136,Support,of the Bull,9,0.029871783904405324,0.0026884605513964794
196878136,Support,of the Mule,21,0.006717563617905637,0.0014106883597601839
196878136,Support,of the Octopus,7,0.666286956352285,0.04664008694465995
196878136,Support,of the Raven,6,0.029871783904405324,0.0017923070342643194
196878136,Support,the Accomplice,7,0.30332812611040716,0.0212329688277285
196878136,Support,the Decisive,25,0.019152486993703716,0.004788121748425929
196878136,Support,the Divine Thief,9,0.03804155530552717,0.0034237399774974453
196878136,Support,the Even-Keeled,25,0,0
196878136,Support,the Flayed Twins Acolyte,7,0.03466715674327589,0.0024267009720293125
196878136,Support,the Loquacious,7,0.5518785246484275,0.03863149672538992
196878136,Support,the Nothl Pilgrim,7,0.10630348988137733,0.007441244291696414
196878136,Support,the Pacifist,8,0.07938416170867378,0.0063507329366939026
196878136,Support,the Patient,13,0,0
196878136,Support,the Tormented,9,0,0
196878136,Support,the Underdog,6,0.36975672000339904,0.022185403200203943
206642367,Core,of the Ant,8,0,0
206642367,Core,of the Bull,9,0.01645277493057928,0.0014807497437521354
206642367,Core,of the Mule,21,0.04183116994391832,0.008784545688222846
206642367,Core,of the Octopus,7,0.6666747108649185,0.04666722976054429
206642367,Core,of the Raven,6,0.048312352587203906,0.0028987411552322344
206642367,Core,the Accomplice,7,0,0
206642367,Core,the Decisive,25,0.06166717319612022,0.015416793299030056
206642367,Core,the Divine Thief,9,0.02222305631085615,0.0020000750679770533
206642367,Core,the Even-Keeled,25,0.014413892726365602,0.0036034731815914006
206642367,Core,the Flayed Twins Acolyte,7,0.02713911597474233,0.001899738118231963
206642367,Core,the Loquacious,7,0,0
206642367,Core,the Nothl Pilgrim,7,0.07227548305348737,0.005059283813744115
206642367,Core,the Pacifist,8,0.021041203752877068,0.0016832963002301653
206642367,Core,the Patient,13,0,0
206642367,Core,the Tormented,9,0.01735534006960852,0.0015619806062647668
206642367,Core,the Underdog,6,0.5323468868611511,0.03194081321166906
292921272,Core,of the Ant,8,0,0
292921272,Core,of the Bull,9,0.024957967224753314,0.0022462170502277985
292921272,Core,of the Mule,21,0,0
292921272,Core,of the Octopus,7,0.9041491975990591,0.06329044383193413
292921272,Core,of the Raven,6,0,0
292921272,Core,the Accomplice,7,0.18614694167974313,0.013030285917582018
292921272,Core,the Decisive,25,0.017362635501954066,0.004340658875488517
292921272,Core,the Divine Thief,9,0.08476181402962903,0.007628563262666612
292921272,Core,the Even-Keeled,25,0,0
292921272,Core,the Flayed Twins Acolyte,7,0.14372556128374914,0.01006078928986244
292921272,Core,the Loquacious,7,0.008119098734116276,5.683369113881393e-4
292921272,Core,the Nothl Pilgrim,7,0.06915324868192885,0.004840727407735019
292921272,Core,the Pacifist,8,0,0
292921272,Core,the Patient,13,0,0
292921272,Core,the Tormented,9,0.0393541748801266,0.0035418757392113942
292921272,Core,the Underdog,6,0.4252987877239578,0.02551792726343747
317880638,Support,of the Ant,8,0.14989246238167717,0.011991396990534173
317880638,Support,of the Bull,9,0.03902226645842197,0.0035120039812579773
317880638,Support,of the Mule,21,0.040260200975154384,0.00845464220478242
317880638,Support,of the Octopus,7,0.6431425074100415,0.04501997551870291
317880638,Support,of the Raven,6,0.029871783904405324,0.0017923070342643194
317880638,Support,the Accomplice,7,0.33195888704536775,0.023237122093175744
317880638,Support,the Decisive,25,0.019152486993703716,0.004788121748425929
317880638,Support,the Divine Thief,9,0.03804155530552717,0.0034237399774974453
317880638,Support,the Even-Keeled,25,0.039002069694680806,0.009750517423670202
317880638,Support,the Flayed Twins Acolyte,7,0.03466715674327589,0.0024267009720293125
317880638,Support,the Loquacious,7,0.08916426878782939,0.006241498815148057
317880638,Support,the Nothl Pilgrim,7,0.16715440740017556,0.01170080851801229
317880638,Support,the Pacifist,8,0.10937392477079329,0.008749913981663464
317880638,Support,the Patient,13,0,0
317880638,Support,the Tormented,9,0,0
317880638,Support,the Underdog,6,0.36975672000339904,0.022185403200203943
320252024,Core,of the Ant,8,0,0
320252024,Core,of the Bull,9,0,0
320252024,Core,of the Mule,21,0.02617343462965935,0.005496421272228463
320252024,Core,of the Octopus,7,0.6613512965006744,0.0462945907550472
320252024,Core,of the Raven,6,0.031592229725347906,0.0018955337835208743
320252024,Core,the Accomplice,7,0.006209006123933293,4.346304286753305e-4
320252024,Core,the Decisive,25,0.04003847438655675,0.010009618596639187
320252024,Core,the Divine Thief,9,0.10682202172694805,0.009613981955425323
320252024,Core,the Even-Keeled,25,0,0
320252024,Core,the Flayed Twins Acolyte,7,0.1164972071632377,0.00815480450142664
320252024,Core,the Loquacious,7,0.08066934656967328,0.00564685425987713
320252024,Core,the Nothl Pilgrim,7,0.02807635015758101,0.001965344511030671
320252024,Core,the Pacifist,8,0,0
320252024,Core,the Patient,13,0,0
320252024,Core,the Tormented,9,0.03987863786544855,0.003589077407890369
320252024,Core,the Underdog,6,0.41887325067411424,0.025132395040446856
331855530,Core,of the Ant,8,0,0
331855530,Core,of the Bull,9,0,0
331855530,Core,of the Mule,21,0.015391697987089255,0.0032322565772887435
331855530,Core,of the Octopus,7,0.7556114316566983,0.052892800215968885
331855530,Core,of the Raven,6,0.030643315633295153,0.0018385989379977091
331855530,Core,the Accomplice,7,0.037512742565033154,0.0026258919795523208
331855530,Core,the Decisive,25,0.019362864528204942,0.0048407161320512355
331855530,Core,the Divine Thief,9,0.03302898772463835,0.0029726088952174517
331855530,Core,the Even-Keeled,25,0.007988730138935758,0.0019971825347339395
331855530,Core,the Flayed Twins Acolyte,7,0.029807587206159374,0.0020865311044311564
331855530,Core,the Loquacious,7,0.11068499447426655,0.007747949613198659
331855530,Core,the Nothl Pilgrim,7,0.0303931681149523,0.002127521768046661
331855530,Core,the Pacifist,8,0.010384874769140531,8.307899815312425e-4
331855530,Core,the Patient,13,0,0
331855530,Core,the Tormented,9,0,0
331855530,Core,the Underdog,6,0.37347875790789964,0.022408725474473982
480412663,Mid,of the Ant,8,0,0
480412663,Mid,of the Bull,9,0,0
480412663,Mid,of the Mule,21,0,0
480412663,Mid,of the Octopus,7,0.8121295404054661,0.056849067828382636
480412663,Mid,of the Raven,6,0.029871783904405324,0.0017923070342643194
480412663,Mid,the Accomplice,7,0.1288961889455281,0.009022733226186967
480412663,Mid,the Decisive,25,0.019152486993703716,0.004788121748425929
480412663,Mid,the Divine Thief,9,0.03804155530552717,0.0034237399774974453
480412663,Mid,the Even-Keeled,25,0,0
480412663,Mid,the Flayed Twins Acolyte,7,0.03466715674327589,0.0024267009720293125
480412663,Mid,the Loquacious,7,0.0835158346883196,0.005846108428182372
480412663,Mid,the Nothl Pilgrim,7,0.01797416015717702,0.0012581912110023916
480412663,Mid,the Pacifist,8,0,0
480412663,Mid,the Patient,13,0,0
480412663,Mid,the Tormented,9,0,0
480412663,Mid,the Underdog,6,0.36975672000339904,0.022185403200203943
898455820,Mid,of the Ant,8,0,0
898455820,Mid,of the Bull,9,0,0
898455820,Mid,of the Mule,21,0.13012441633407762,0.027326127430156298
898455820,Mid,of the Octopus,7,0.8074617024715024,0.05652231917300517
898455820,Mid,of the Raven,6,0.017844859332023507,0.0010706915599214104
898455820,Mid,the Accomplice,7,0.08833915190558334,0.006183740633390833
898455820,Mid,the Decisive,25,0.015469079239865326,0.0038672698099663314
898455820,Mid,the Divine Thief,9,0.07433024360106964,0.006689721924096268
898455820,Mid,the Even-Keeled,25,0,0
898455820,Mid,the Flayed Twins Acolyte,7,0.16383621944571533,0.011468535361200074
898455820,Mid,the Loquacious,7,0.31066013643091595,0.021746209550164118
898455820,Mid,the Nothl Pilgrim,7,0.023956363939158325,0.0016769454757410828
898455820,Mid,the Pacifist,8,0,0
898455820,Mid,the Patient,13,0,0
898455820,Mid,the Tormented,9,0.0698464179001864,0.006286177611016777
898455820,Mid,the Underdog,6,0.322203165752109,0.019332189945126543
898754153,Core,of the Ant,8,0,0
898754153,Core,of the Bull,9,0,0
898754153,Core,of the Mule,21,0.020315077034201053,0.004266166177182221
898754153,Core,of the Octopus,7,0.6593024260948541,0.04615116982663979
898754153,Core,of the Raven,6,0.020315077034201053,0.0012189046220520631
898754153,Core,the Accomplice,7,0,0
898754153,Core,the Decisive,25,0.00976282895238928,0.00244070723809732
898754153,Core,the Divine Thief,9,0.09216889786537011,0.00829520080788331
898754153,Core,the Even-Keeled,25,0,0
898754153,Core,the Flayed Twins Acolyte,7,0.09067756546569655,0.006347429582598758
898754153,Core,the Loquacious,7,0,0
898754153,Core,the Nothl Pilgrim,7,0.00506515690784573,3.5456098354920114e-4
898754153,Core,the Pacifist,8,0.02906484192703136,0.0023251873541625086
898754153,Core,the Patient,13,0,0
898754153,Core,the Tormented,9,0.008351300456190142,7.516170410571128e-4
898754153,Core,the Underdog,6,0.3735711122133149,0.022414266732798893
1044002267,Core,of the Ant,8,0,0
1044002267,Core,of the Bull,9,0,0
1044002267,Core,of the Mule,21,0.01457356210424649,0.003060448041891763
1044002267,Core,of the Octopus,7,0.6099688984068435,0.04269782288847905
1044002267,Core,of the Raven,6,0.0504964841053818,0.0030297890463229084
1044002267,Core,the Accomplice,7,0,0
1044002267,Core,the Decisive,25,0.04158684512207724,0.01039671128051931
1044002267,Core,the Divine Thief,9,0.07898279725175474,0.0071084517526579264
1044002267,Core,the Even-Keeled,25,0.023791006893102595,0.00594775172327565
1044002267,Core,the Flayed Twins Acolyte,7,0.10046732978054303,0.007032713084638011
1044002267,Core,the Loquacious,7,0.195851711753533,0.01370961982274731
1044002267,Core,the Nothl Pilgrim,7,0,0
1044002267,Core,the Pacifist,8,0.020787395693334498,0.0016629916554667598
1044002267,Core,the Patient,13,0.012688466787084107,0.0016495006823209338
1044002267,Core,the Tormented,9,0.02216070730728323,0.0019944636576554905
1044002267,Core,the Underdog,6,0.4008337805991967,0.0240500268359518
