player_id,player_role,prefix_name,prefix_bonus,prefix_prob,effective_bonus
10366616,Support,Balanced,15,0.11967395080517028,0.01795109262077554
10366616,Support,Bestial,15,0.49069276177924986,0.07360391426688748
10366616,Support,Brawny,13,0.057808824223914444,0.007515147149108877
10366616,Support,Canny,11,0.7332881945683589,0.08066170140251948
10366616,Support,Cerulean,19,0.02971162722700822,0.005645209173131561
10366616,Support,Clutch,11,0.24371987432444825,0.02680918617568931
10366616,Support,Coveted,15,0.0398007771195104,0.00597011656792656
10366616,Support,Crimson,13,0.06257874823172815,0.00813523727012466
10366616,Support,Dashing,15,0.08922903040255634,0.01338435456038345
10366616,Support,Elemental,15,0.1587726097015158,0.02381589145522737
10366616,Support,Emerald,18,0.5421334013949387,0.09758401225108897
10366616,Support,Glamorous,25,0,0
10366616,Support,Hirsute,10,0.26188640439034117,0.026188640439034117
10366616,Support,Otherworldly,13,0.2839372686298121,0.036911844921875575
10366616,Support,Sacrificial,15,0.19207124032489953,0.02881068604873493
10366616,Support,Virtuoso,13,0.22591751179295302,0.029369276533083896
25907144,Support,Balanced,15,0.2847715800120122,0.04271573700180183
25907144,Support,Bestial,15,0.018670414802725483,0.0028005622204088226
25907144,Support,Brawny,13,0.06510855709401489,0.008464112422221936
25907144,Support,Canny,11,0.279217144869348,0.03071388593562828
25907144,Support,Cerulean,19,0.018811841969034505,0.0035742499741165555
25907144,Support,Clutch,11,0.24371987432444825,0.02680918617568931
25907144,Support,Coveted,15,0.009381972111111974,0.0014072958166667963
25907144,Support,Crimson,13,0.2721684077004544,0.035381893001059074
25907144,Support,Dashing,15,0.26686870168449073,0.04003030525267361
25907144,Support,Elemental,15,0.10065251515078616,0.015097877272617924
25907144,Support,Emerald,18,0.27063133817522306,0.048713640871540155
25907144,Support,Glamorous,25,0.009381972111111974,0.0023454930277779936
25907144,Support,Hirsute,10,0.40371553528939147,0.04037155352893915
25907144,Support,Otherworldly,13,0.23021390635142933,0.029927807825685812
25907144,Support,Sacrificial,15,0.050528783504383314,0.007579317525657497
25907144,Support,Virtuoso,13,0.3294502622990768,0.04282853409887998
56351509,Core,Balanced,15,0.4769046341369511,0.07153569512054267
56351509,Core,Bestial,15,0.2858918504606849,0.042883777569102735
56351509,Core,Brawny,13,0.41919856863808436,0.05449581392295096
56351509,Core,Canny,11,0.07312901842192215,0.008044192026411436
56351509,Core,Cerulean,19,0.17915779758846972,0.03403998154180925
56351509,Core,Clutch,11,0.18569557535351996,0.020426513288887196
56351509,Core,Coveted,15,0.0841892273213213,0.012628384098198194
56351509,Core,Crimson,13,0.3634832748478532,0.04725282573022092
56351509,Core,Dashing,15,0.03076777880304241,0.004615166820456361
56351509,Core,Elemental,15,0.27032925113738426,0.040549387670607645
56351509,Core,Emerald,18,0.1815736479629491,0.03268325663333083
56351509,Core,Glamorous,25,0,0
56351509,Core,Hirsute,10,0.4505298589700391,0.04505298589700391
56351509,Core,Otherworldly,13,0.15080586915990668,0.01960476299078787
56351509,Core,Sacrificial,15,0.32099466319584063,0.0481491994793761
56351509,Core,Virtuoso,13,0.34365916273233704,0.04467569115520382
73401082,Support,Balanced,15,0.27652344908660587,0.04147851736299088
73401082,Support,Bestial,15,0.1352680407891144,0.02029020611836716
73401082,Support,Brawny,13,0.12402459138388794,0.016123196879905433
73401082,Support,Canny,11,0.5318259859326167,0.05850085845258783
73401082,Support,Cerulean,19,0.17877127756736774,0.03396654273779987
73401082,Support,Clutch,11,0.18569557535351996,0.020426513288887196
73401082,Support,Coveted,15,0.054520200953849844,0.008178030143077476
73401082,Support,Crimson,13,0.3924124778844816,0.05101362212498261
73401082,Support,Dashing,15,0.058359653265852386,0.008753947989877858
73401082,Support,Elemental,15,0.08088729711374808,0.012133094567062212
73401082,Support,Emerald,18,0.19092792572544498,0.0343670266305801
73401082,Support,Glamorous,25,0.018929483272224778,0.0047323708180561945
73401082,Support,Hirsute,10,0.2610863737703108,0.02610863737703108
73401082,Support,Otherworldly,13,0.07549915080335369,0.00981488960443598
73401082,Support,Sacrificial,15,0.13316926469293167,0.01997538970393975
73401082,Support,Virtuoso,13,0.3789025951750571,0.04925733737275742
81306398,Support,Balanced,15,0.20699992625276903,0.031049988937915357
81306398,Support,Bestial,15,0.20298511620899826,0.030447767431349738
81306398,Support,Brawny,13,0.3235471189944629,0.042061125469280175
81306398,Support,Canny,11,0.4139827994147603,0.04553810793562363
81306398,Support,Cerulean,19,0.1523670372109879,0.0289497370700877
81306398,Support,Clutch,11,0.17402944716789334,0.019143239188468268
81306398,Support,Coveted,15,0.04124034450693235,0.006186051676039852
81306398,Support,Crimson,13,0.24711130028872139,0.03212446903753378
81306398,Support,Dashing,15,0.05547015533800785,0.008320523300701177
81306398,Support,Elemental,15,0.31970446361867566,0.04795566954280135
81306398,Support,Emerald,18,0.1610184787644186,0.02898332617759535
81306398,Support,Glamorous,25,0,0
81306398,Support,Hirsute,10,0.1598158654929041,0.01598158654929041
81306398,Support,Otherworldly,13,0.05215251195532065,0.006779826554191685
81306398,Support,Sacrificial,15,0.32648705554377927,0.048973058331566885
81306398,Support,Virtuoso,13,0,0
86698277,Core,Balanced,15,0.17598132558540086,0.026397198837810127
86698277,Core,Bestial,15,0.2168492350681617,0.03252738526022426
86698277,Core,Brawny,13,0.6169257875175954,0.0802003523772874
86698277,Core,Canny,11,0.16769709824255336,0.018446680806680868
86698277,Core,Cerulean,19,0.033393566327534714,0.006344777602231596
86698277,Core,Clutch,11,0.27067348533425717,0.029774083386768287
86698277,Core,Coveted,15,0.31711084606804635,0.04756662691020695
86698277,Core,Crimson,13,0.4491792244783,0.058393299182179004
86698277,Core,Dashing,15,0.03939578865445034,0.005909368298167551
86698277,Core,Elemental,15,0.19408204094837866,0.029112306142256798
86698277,Core,Emerald,18,0.01883403490644336,0.003390126283159805
86698277,Core,Glamorous,25,0,0
86698277,Core,Hirsute,10,0.5551141380188821,0.05551141380188821
86698277,Core,Otherworldly,13,0.1623103209528513,0.02110034172387067
86698277,Core,Sacrificial,15,0.2616392086861523,0.03924588130292284
86698277,Core,Virtuoso,13,0.41299786645456144,0.05368972263909298
93618577,Mid,Balanced,15,0.22229096960592568,0.03334364544088885
93618577,Mid,Bestial,15,0.30745736357824566,0.04611860453673684
93618577,Mid,Brawny,13,0.09383959083685925,0.012199146808791703
93618577,Mid,Canny,11,0.5283796856887821,0.05812176542576603
93618577,Mid,Cerulean,19,0.17214974519815315,0.0327084515876491
93618577,Mid,Clutch,11,0.27067348533425717,0.029774083386768287
93618577,Mid,Coveted,15,0.18461523326975382,0.027692284990463074
93618577,Mid,Crimson,13,0.20804418314038628,0.027045743808250217
93618577,Mid,Dashing,15,0.15548975386843306,0.023323463080264957
93618577,Mid,Elemental,15,0.3337569019527283,0.05006353529290924
93618577,Mid,Emerald,18,0.060461176004285015,0.010883011680771302
93618577,Mid,Glamorous,25,0.18030652502715225,0.04507663125678806
93618577,Mid,Hirsute,10,0.29133954811829393,0.029133954811829392
93618577,Mid,Otherworldly,13,0.26302741863474743,0.03419356442251717
93618577,Mid,Sacrificial,15,0.25464855172183404,0.03819728275827511
93618577,Mid,Virtuoso,13,0.6735436694267934,0.08756067702548315
94296097,Support,Balanced,15,0.1434069347261967,0.021511040208929508
94296097,Support,Bestial,15,0.21997707445722656,0.03299656116858398
94296097,Support,Brawny,13,0.21663964450911016,0.028163153786184322
94296097,Support,Canny,11,0.590444713223547,0.06494891845459017
94296097,Support,Cerulean,19,0.1250059983849233,0.023751139693135425
94296097,Support,Clutch,11,0.17573142278412945,0.019330456506254243
94296097,Support,Coveted,15,0.04418580066397172,0.006627870099595759
94296097,Support,Crimson,13,0.4936681392159964,0.06417685809807953
94296097,Support,Dashing,15,0.049508707541146016,0.007426306131171903
94296097,Support,Elemental,15,0.09947094736434926,0.014920642104652389
94296097,Support,Emerald,18,0.03888951364862153,0.007000112456751876
94296097,Support,Glamorous,25,0,0
94296097,Support,Hirsute,10,0.41286418353277865,0.041286418353277864
94296097,Support,Otherworldly,13,0.03888951364862153,0.0050556367743208
94296097,Support,Sacrificial,15,0.20338307378262,0.030507461067392997
94296097,Support,Virtuoso,13,0,0
100058342,Core,Balanced,15,0.22020736174128816,0.033031104261193225
100058342,Core,Bestial,15,0.05732965428100192,0.008599448142150287
100058342,Core,Brawny,13,0.3486763159219915,0.04532792106985889
100058342,Core,Canny,11,0,0
100058342,Core,Cerulean,19,0.04578653434680508,0.008699441525892965
100058342,Core,Clutch,11,0.24371987432444825,0.02680918617568931
100058342,Core,Coveted,15,0.35099027983342895,0.05264854197501435
100058342,Core,Crimson,13,0.16989790608972474,0.022086727791664217
100058342,Core,Dashing,15,0.4311163223367204,0.06466744835050807
100058342,Core,Elemental,15,0.0690028133630469,0.010350422004457033
100058342,Core,Emerald,18,0.19613891524361346,0.03530500474385043
100058342,Core,Glamorous,25,0.05732965428100192,0.01433241357025048
100058342,Core,Hirsute,10,0.18172732042525108,0.01817273204252511
100058342,Core,Otherworldly,13,0.10631609936848706,0.013821092917903318
100058342,Core,Sacrificial,15,0.10652134671612484,0.015978202007418726
100058342,Core,Virtuoso,13,0.25942051145895123,0.033724666489663664
101356886,Support,Balanced,15,0.20030211120789243,0.030045316681183865
101356886,Support,Bestial,15,0.38723297254512445,0.05808494588176867
101356886,Support,Brawny,13,0.3920335750101746,0.050964364751322704
101356886,Support,Canny,11,0.39884526481969346,0.04387297913016628
101356886,Support,Cerulean,19,0.115119238886249,0.02187265538838731
101356886,Support,Clutch,11,0.2702448417820922,0.029726932596030143
101356886,Support,Coveted,15,0,0
101356886,Support,Crimson,13,0.07875744752216599,0.010238468177881578
101356886,Support,Dashing,15,0.008819048962239517,0.0013228573443359276
101356886,Support,Elemental,15,0.27577818874445015,0.041366728311667524
101356886,Support,Emerald,18,0.22761649012261562,0.04097096822207081
101356886,Support,Glamorous,25,0,0
101356886,Support,Hirsute,10,0.3225309254276755,0.03225309254276754
101356886,Support,Otherworldly,13,0.20006217510917634,0.026008082764192926
101356886,Support,Sacrificial,15,0.22564753649348088,0.03384713047402213
101356886,Support,Virtuoso,13,0,0
103735745,Support,Balanced,15,0.129595822028927,0.01943937330433905
103735745,Support,Bestial,15,0.18778874257942535,0.0281683113869138
103735745,Support,Brawny,13,0.514050750656682,0.06682659758536866
103735745,Support,Canny,11,0.3032848842938955,0.033361337272328505
103735745,Support,Cerulean,19,0.009725689169850654,0.001847880942271624
103735745,Support,Clutch,11,0.27067348533425717,0.029774083386768287
103735745,Support,Coveted,15,0.05145850746569997,0.007718776119854995
103735745,Support,Crimson,13,0.10940099609668298,0.014222129492568786
103735745,Support,Dashing,15,0.05306854302049556,0.007960281453074335
103735745,Support,Elemental,15,0.17576653810273146,0.026364980715409717
103735745,Support,Emerald,18,0.24730670764386845,0.04451520737589632
103735745,Support,Glamorous,25,0.013499720493136916,0.0033749301232842296
103735745,Support,Hirsute,10,0.2653692552513474,0.02653692552513474
103735745,Support,Otherworldly,13,0.19982367007854732,0.02597707711021115
103735745,Support,Sacrificial,15,0.11329008440199188,0.016993512660298783
103735745,Support,Virtuoso,13,0,0
106573901,Mid,Balanced,15,0.23479540267757995,0.03521931040163699
106573901,Mid,Bestial,15,0.2326683744204883,0.03490025616307325
106573901,Mid,Brawny,13,0.15586490044870627,0.020262437058331813
106573901,Mid,Canny,11,0.5076678834502973,0.05584346717953271
106573901,Mid,Cerulean,19,0.29036976197173364,0.05517025477462939
106573901,Mid,Clutch,11,0.18569557535351996,0.020426513288887196
106573901,Mid,Coveted,15,0.24069270018622732,0.0361039050279341
106573901,Mid,Crimson,13,0.23546762525067633,0.030610791282587924
106573901,Mid,Dashing,15,0.10167181342341644,0.015250772013512466
106573901,Mid,Elemental,15,0.2732852430611262,0.040992786459168935
106573901,Mid,Emerald,18,0.02693686099955809,0.004848634979920456
106573901,Mid,Glamorous,25,0.05911511048476531,0.014778777621191327
106573901,Mid,Hirsute,10,0.33585446407303426,0.033585446407303425
106573901,Mid,Otherworldly,13,0.49162142348822974,0.06391078505346987
106573901,Mid,Sacrificial,15,0.17634921666568282,0.026452382499852423
106573901,Mid,Virtuoso,13,0.6860238327433046,0.0891830982566296
111114687,Support,Balanced,15,0.22030687586267442,0.03304603137940117
111114687,Support,Bestial,15,0.05377966426106547,0.008066949639159821
111114687,Support,Brawny,13,0.2841479966195609,0.03693923956054292
111114687,Support,Canny,11,0.43349191988378855,0.047684111187216736
111114687,Support,Cerulean,19,0.16751945714563152,0.03182869685766999
111114687,Support,Clutch,11,0.2395619501694938,0.02635181451864432
111114687,Support,Coveted,15,0.153751071790312,0.023062660768546798
111114687,Support,Crimson,13,0.28862086473274023,0.03752071241525623
111114687,Support,Dashing,15,0.056464618416190084,0.008469692762428512
111114687,Support,Elemental,15,0.24781048707728134,0.0371715730615922
111114687,Support,Emerald,18,0.13798877581771374,0.02483797964718847
111114687,Support,Glamorous,25,0.13839860033035237,0.03459965008258809
111114687,Support,Hirsute,10,0.26123420553488247,0.026123420553488246
111114687,Support,Otherworldly,13,0.09034320636376315,0.011744616827289209
111114687,Support,Sacrificial,15,0.15425303953172553,0.023137955929758827
111114687,Support,Virtuoso,13,0.0059949024644873165,7.793373203833512e-4
111620041,Mid,Balanced,15,0.22483827988352875,0.03372574198252931
111620041,Mid,Bestial,15,0.30748338271771974,0.046122507407657956
111620041,Mid,Brawny,13,0.09018919726892743,0.011724595644960567
111620041,Mid,Canny,11,0.5167310051350525,0.056840410564855774
111620041,Mid,Cerulean,19,0.3414946764715423,0.06488398852959304
111620041,Mid,Clutch,11,0.2702448417820922,0.029726932596030143
111620041,Mid,Coveted,15,0.22426924548044763,0.033640386822067145
111620041,Mid,Crimson,13,0.15255015979363934,0.019831520773173114
111620041,Mid,Dashing,15,0.1682415177124913,0.025236227656873694
111620041,Mid,Elemental,15,0.16518699294070435,0.024778048941105656
111620041,Mid,Emerald,18,0.07013154348136878,0.01262367782664638
111620041,Mid,Glamorous,25,0.16400183007761907,0.041000457519404766
111620041,Mid,Hirsute,10,0.4086858385558349,0.04086858385558349
111620041,Mid,Otherworldly,13,0.40851826889656134,0.053107374956552975
111620041,Mid,Sacrificial,15,0.2308265024358153,0.034623975365372296
111620041,Mid,Virtuoso,13,0,0
118134220,Core,Balanced,15,0.19781796733579313,0.029672695100368972
118134220,Core,Bestial,15,0.42486427784401737,0.06372964167660261
118134220,Core,Brawny,13,0.6796367908039466,0.08835278280451306
118134220,Core,Canny,11,0.11432391678725694,0.012575630846598263
118134220,Core,Cerulean,19,0.02761764114793509,0.0052473518181076675
118134220,Core,Clutch,11,0.2395619501694938,0.02635181451864432
118134220,Core,Coveted,15,0.2861710071874506,0.04292565107811759
118134220,Core,Crimson,13,0.3489604950393022,0.04536486435510929
118134220,Core,Dashing,15,0.008221325073003308,0.0012331987609504962
118134220,Core,Elemental,15,0.22540564129729102,0.03381084619459365
118134220,Core,Emerald,18,0.14129262733209186,0.025432672919776533
118134220,Core,Glamorous,25,0.06530248248443417,0.016325620621108542
118134220,Core,Hirsute,10,0.474728151744049,0.047472815174404895
118134220,Core,Otherworldly,13,0.2778379587490654,0.0361189346373785
118134220,Core,Sacrificial,15,0.3018118615588105,0.04527177923382157
118134220,Core,Virtuoso,13,0.1543219910132815,0.0200618588317266
127617979,Core,Balanced,15,0.3288789751326025,0.04933184626989037
127617979,Core,Bestial,15,0.04455570426057409,0.006683355639086114
127617979,Core,Brawny,13,0.1523447681517411,0.019804819859726343
127617979,Core,Canny,11,0,0
127617979,Core,Cerulean,19,0.18452730287030988,0.035060187545358876
127617979,Core,Clutch,11,0.27067348533425717,0.029774083386768287
127617979,Core,Coveted,15,0.4068789509626968,0.06103184264440451
127617979,Core,Crimson,13,0.11861394686166103,0.015419813092015934
127617979,Core,Dashing,15,0.5187762567156564,0.07781643850734846
127617979,Core,Elemental,15,0.10638340387998627,0.01595751058199794
127617979,Core,Emerald,18,0.1617365674233019,0.029112582136194342
127617979,Core,Glamorous,25,0.2733517271314056,0.0683379317828514
127617979,Core,Hirsute,10,0.2698253020272702,0.02698253020272702
127617979,Core,Otherworldly,13,0.06182800724514449,0.008037640941868785
127617979,Core,Sacrificial,15,0.23608121956524858,0.03541218293478729
127617979,Core,Virtuoso,13,0.3894814043380998,0.05063258256395297
129958758,Core,Balanced,15,0.2352576774533264,0.03528865161799896
129958758,Core,Bestial,15,0.1745573860344735,0.026183607905171026
129958758,Core,Brawny,13,0.6828288151593506,0.08876774597071557
129958758,Core,Canny,11,0.08191350738732299,0.009010485812605528
129958758,Core,Cerulean,19,0.030270305974043767,0.005751358135068315
129958758,Core,Clutch,11,0.16616103977219862,0.01827771437494185
129958758,Core,Coveted,15,0.15368351099620428,0.02305252664943064
129958758,Core,Crimson,13,0.40221463514934636,0.052287902569415026
129958758,Core,Dashing,15,0,0
129958758,Core,Elemental,15,0.20084627252465687,0.03012694087869853
129958758,Core,Emerald,18,0.1452995564517714,0.02615392016131885
129958758,Core,Glamorous,25,0.044972389500739486,0.011243097375184872
129958758,Core,Hirsute,10,0.5351798181702743,0.053517981817027424
129958758,Core,Otherworldly,13,0.21139527764098298,0.02748138609332779
129958758,Core,Sacrificial,15,0.3534076152787549,0.05301114229181324
129958758,Core,Virtuoso,13,0,0
131303632,Mid,Balanced,15,0.1293528904481443,0.019402933567221645
131303632,Mid,Bestial,15,0.29068242389251153,0.04360236358387673
131303632,Mid,Brawny,13,0.26789707331848994,0.03482661953140369
131303632,Mid,Canny,11,0.25456859157639206,0.028002545073403128
131303632,Mid,Cerulean,19,0.2258480435130699,0.04291112826748328
131303632,Mid,Clutch,11,0.17402944716789334,0.019143239188468268
131303632,Mid,Coveted,15,0.40759622371303367,0.06113943355695505
131303632,Mid,Crimson,13,0.28315890520178577,0.03681065767623215
131303632,Mid,Dashing,15,0.34818144465697376,0.05222721669854606
131303632,Mid,Elemental,15,0.27405253476523184,0.04110788021478477
131303632,Mid,Emerald,18,0.13523407157650694,0.02434213288377125
131303632,Mid,Glamorous,25,0.3395877148899414,0.08489692872248535
131303632,Mid,Hirsute,10,0.43004080207121975,0.04300408020712197
131303632,Mid,Otherworldly,13,0.343636112235008,0.04467269459055104
131303632,Mid,Sacrificial,15,0.11836735627883799,0.017755103441825695
131303632,Mid,Virtuoso,13,0.38121309002071413,0.04955770170269283
137129583,Mid,Balanced,15,0.14071869828193376,0.021107804742290064
137129583,Mid,Bestial,15,0.3715448280148228,0.055731724202223415
137129583,Mid,Brawny,13,0.08615986988892681,0.011200783085560485
137129583,Mid,Canny,11,0.550459488613588,0.06055054374749467
137129583,Mid,Cerulean,19,0.5264873224650912,0.10003259126836733
137129583,Mid,Clutch,11,0.16616103977219862,0.01827771437494185
137129583,Mid,Coveted,15,0.14839268312748147,0.02225890246912222
137129583,Mid,Crimson,13,0.22687184329857724,0.029493339628815042
137129583,Mid,Dashing,15,0.2226619432155514,0.03339929148233271
137129583,Mid,Elemental,15,0.0787447042633032,0.01181170563949548
137129583,Mid,Emerald,18,0.05455173862392868,0.009819312952307164
137129583,Mid,Glamorous,25,0.14094338715165924,0.03523584678791481
137129583,Mid,Hirsute,10,0.4355839854856977,0.04355839854856977
137129583,Mid,Otherworldly,13,0.4722699961006131,0.061395099493079704
137129583,Mid,Sacrificial,15,0.218501344787934,0.0327752017181901
137129583,Mid,Virtuoso,13,0.48118890758401395,0.06255455798592181
140288368,Support,Balanced,15,0.2373498795163655,0.03560248192745483
140288368,Support,Bestial,15,0.2029111847181934,0.030436677707729006
140288368,Support,Brawny,13,0.10865913878305244,0.014125688041796819
140288368,Support,Canny,11,0.5607638610451638,0.06168402471496802
140288368,Support,Cerulean,19,0,0
140288368,Support,Clutch,11,0.2822332382305031,0.03104565620535534
140288368,Support,Coveted,15,0.04897209786947314,0.007345814680420971
140288368,Support,Crimson,13,0.37399554604982094,0.04861942098647672
140288368,Support,Dashing,15,0.09322712065541815,0.013984068098312723
140288368,Support,Elemental,15,0.13960631473827678,0.020940947210741516
140288368,Support,Emerald,18,0.3745480033861128,0.0674186406095003
140288368,Support,Glamorous,25,0,0
140288368,Support,Hirsute,10,0.32324369750940934,0.03232436975094093
140288368,Support,Otherworldly,13,0.2640201711414428,0.034322622248387565
140288368,Support,Sacrificial,15,0.19464857820187245,0.029197286730280866
140288368,Support,Virtuoso,13,0,0
140297552,Core,Balanced,15,0.19734300321032677,0.029601450481549017
140297552,Core,Bestial,15,0.276341291875842,0.0414511937813763
140297552,Core,Brawny,13,0.7599381024769447,0.0987919533220028
140297552,Core,Canny,11,0.01167727441495474,0.0012845001856450213
140297552,Core,Cerulean,19,0,0
140297552,Core,Clutch,11,0.2702448417820922,0.029726932596030143
140297552,Core,Coveted,15,0.18789817787912266,0.0281847266818684
140297552,Core,Crimson,13,0.5110130525456124,0.0664316968309296
140297552,Core,Dashing,15,0.03104161989777374,0.004656242984666061
140297552,Core,Elemental,15,0.07660565800993444,0.011490848701490166
140297552,Core,Emerald,18,0.1212605808834343,0.021826904559018177
140297552,Core,Glamorous,25,0.07692581707944283,0.01923145426986071
140297552,Core,Hirsute,10,0.5480736642470417,0.05480736642470418
140297552,Core,Otherworldly,13,0.18895679304068777,0.02456438309528941
140297552,Core,Sacrificial,15,0.2018204569286078,0.03027306853929117
140297552,Core,Virtuoso,13,0.0539739328845318,0.007016611274989134
150961567,Support,Balanced,15,0.27301154837922836,0.040951732256884255
150961567,Support,Bestial,15,0.18585348371141802,0.027878022556712706
150961567,Support,Brawny,13,0.13700538024536238,0.01781069943189711
150961567,Support,Canny,11,0.5655835794019813,0.06221419373421795
150961567,Support,Cerulean,19,0.22499605673032302,0.04274925077876137
150961567,Support,Clutch,11,0.2395619501694938,0.02635181451864432
150961567,Support,Coveted,15,0.09564853277036375,0.014347279915554562
150961567,Support,Crimson,13,0.3769705634231256,0.04900617324500633
150961567,Support,Dashing,15,0.024399491973427983,0.003659923796014197
150961567,Support,Elemental,15,0.364603735606892,0.054690560341033805
150961567,Support,Emerald,18,0.23227776229869154,0.04180999721376447
150961567,Support,Glamorous,25,0.07342289569158521,0.018355723922896302
150961567,Support,Hirsute,10,0.15436402020919107,0.015436402020919107
150961567,Support,Otherworldly,13,0.10085523010234844,0.013111179913305298
150961567,Support,Sacrificial,15,0.06713837239130492,0.010070755858695738
150961567,Support,Virtuoso,13,0.060351612630330904,0.007845709641943017
152168157,Support,Balanced,15,0.517920702308885,0.07768810534633275
152168157,Support,Bestial,15,0.10485739845747423,0.015728609768621133
152168157,Support,Brawny,13,0.0973922448849745,0.012660991835046684
152168157,Support,Canny,11,0.2956536258666144,0.032521898845327586
152168157,Support,Cerulean,19,0.11236918645322695,0.02135014542611312
152168157,Support,Clutch,11,0.27249381683734036,0.02997431985210744
152168157,Support,Coveted,15,0.0160554152873564,0.0024083122931034596
152168157,Support,Crimson,13,0.19134166894984764,0.02487441696348019
152168157,Support,Dashing,15,0.08903342693952612,0.013355014040928918
152168157,Support,Elemental,15,0.1973330876765463,0.029599963151481945
152168157,Support,Emerald,18,0.22120642546119593,0.03981715658301527
152168157,Support,Glamorous,25,0.012802036064994917,0.003200509016248729
152168157,Support,Hirsute,10,0.17631499591355945,0.017631499591355945
152168157,Support,Otherworldly,13,0.12303960591115218,0.015995148768449784
152168157,Support,Sacrificial,15,0.2994662423597136,0.04491993635395704
152168157,Support,Virtuoso,13,0,0
157475523,Support,Balanced,15,0.15347190909606107,0.023020786364409157
157475523,Support,Bestial,15,0.1503339878365129,0.022550098175476933
157475523,Support,Brawny,13,0.3509081977969536,0.04561806571360397
157475523,Support,Canny,11,0.4569745142274857,0.050267196565023424
157475523,Support,Cerulean,19,0.054650504071039295,0.010383595773497466
157475523,Support,Clutch,11,0.18787691939302925,0.020666461133233217
157475523,Support,Coveted,15,0.02044645583525484,0.003066968375288226
157475523,Support,Crimson,13,0.2668319001938808,0.03468814702520451
157475523,Support,Dashing,15,0.038645378879499696,0.005796806831924954
157475523,Support,Elemental,15,0.1796218562516195,0.026943278437742926
157475523,Support,Emerald,18,0.18544890294742242,0.03338080253053603
157475523,Support,Glamorous,25,0.0906024756238835,0.022650618905970876
157475523,Support,Hirsute,10,0.28664454396407607,0.028664454396407607
157475523,Support,Otherworldly,13,0.19723135069827352,0.02564007559077556
157475523,Support,Sacrificial,15,0.11929168809395693,0.01789375321409354
157475523,Support,Virtuoso,13,0,0
157989498,Support,Balanced,15,0.18565548508728258,0.02784832276309239
157989498,Support,Bestial,15,0.15736112625028192,0.02360416893754229
157989498,Support,Brawny,13,0.5183742876561116,0.06738865739529451
157989498,Support,Canny,11,0.2959702272566059,0.03255672499822665
157989498,Support,Cerulean,19,0.050076411062349224,0.009514518101846352
157989498,Support,Clutch,11,0.17402944716789334,0.019143239188468268
157989498,Support,Coveted,15,0.12543892712975058,0.018815839069462586
157989498,Support,Crimson,13,0.21347637132179495,0.027751928271833343
157989498,Support,Dashing,15,0,0
157989498,Support,Elemental,15,0.1753524392886326,0.026302865893294888
157989498,Support,Emerald,18,0.09111943943571356,0.01640149909842844
157989498,Support,Glamorous,25,0.1017668473140857,0.025441711828521424
157989498,Support,Hirsute,10,0.3036819713000024,0.03036819713000024
157989498,Support,Otherworldly,13,0.08079272475294995,0.010503054217883494
157989498,Support,Sacrificial,15,0.23483354749289512,0.03522503212393427
157989498,Support,Virtuoso,13,0.0074947927953145635,9.743230633908933e-4
164199202,Support,Balanced,15,0.23379280157546173,0.03506892023631926
164199202,Support,Bestial,15,0.12003551346240952,0.018005327019361427
164199202,Support,Brawny,13,0.265659906443444,0.03453578783764772
164199202,Support,Canny,11,0.31389079674664466,0.034527987642130914
164199202,Support,Cerulean,19,0.07492461247494107,0.014235676370238804
164199202,Support,Clutch,11,0.18569557535351996,0.020426513288887196
164199202,Support,Coveted,15,0.11985509784745452,0.017978264677118178
164199202,Support,Crimson,13,0.2089085176836504,0.02715810729887455
164199202,Support,Dashing,15,0.16022754660916344,0.024034131991374514
164199202,Support,Elemental,15,0.2004867431770336,0.030073011476555042
164199202,Support,Emerald,18,0.27620324242241573,0.04971658363603483
164199202,Support,Glamorous,25,0.20923562255576242,0.05230890563894061
164199202,Support,Hirsute,10,0.30080951711816767,0.030080951711816767
164199202,Support,Otherworldly,13,0.075912150063594,0.00986857950826722
164199202,Support,Sacrificial,15,0.12520299596943368,0.018780449395415053
164199202,Support,Virtuoso,13,0,0
165564598,Core,Balanced,15,0.14008787028875916,0.021013180543313872
165564598,Core,Bestial,15,0.16819699944009764,0.025229549916014643
165564598,Core,Brawny,13,0.7686409745642037,0.09992332669334647
165564598,Core,Canny,11,0.06809961596470478,0.007490957756117526
165564598,Core,Cerulean,19,0,0
165564598,Core,Clutch,11,0.2461710155639458,0.027078811712034037
165564598,Core,Coveted,15,0.35175995045703073,0.05276399256855461
165564598,Core,Crimson,13,0.21912621616150207,0.028486408100995272
165564598,Core,Dashing,15,0.023171539182332366,0.0034757308773498545
165564598,Core,Elemental,15,0.06440418147243941,0.009660627220865912
165564598,Core,Emerald,18,0.0477890765144943,0.008602033772608975
165564598,Core,Glamorous,25,0.10200575909372368,0.02550143977343092
165564598,Core,Hirsute,10,0.6529221921436956,0.06529221921436956
165564598,Core,Otherworldly,13,0.11441200605817305,0.014873560787562497
165564598,Core,Sacrificial,15,0.05857422264662892,0.008786133396994338
165564598,Core,Virtuoso,13,0.30488120935560703,0.03963455721622891
173978074,Mid,Balanced,15,0.25556355470844794,0.03833453320626719
173978074,Mid,Bestial,15,0.18288951273145923,0.027433426909718884
173978074,Mid,Brawny,13,0.3674321411096471,0.047766178344254125
173978074,Mid,Canny,11,0.23677493227028618,0.02604524254973148
173978074,Mid,Cerulean,19,0.07435720634464375,0.014127869205482313
173978074,Mid,Clutch,11,0.2395619501694938,0.02635181451864432
173978074,Mid,Coveted,15,0.1880018057392338,0.02820027086088507
173978074,Mid,Crimson,13,0.44877739123708765,0.0583410608608214
173978074,Mid,Dashing,15,0.14022937191161877,0.02103440578674282
173978074,Mid,Elemental,15,0.15158806125845337,0.022738209188768007
173978074,Mid,Emerald,18,0.07605755855891243,0.013690360540604235
173978074,Mid,Glamorous,25,0.09285018242405645,0.02321254560601411
173978074,Mid,Hirsute,10,0.622565589507923,0.0622565589507923
173978074,Mid,Otherworldly,13,0.22078030724005707,0.02870143994120742
173978074,Mid,Sacrificial,15,0.2991865094947609,0.044877976424214136
173978074,Mid,Virtuoso,13,0.491057950174121,0.06383753352263573
177203952,Core,Balanced,15,0.17009337513691955,0.025514006270537935
177203952,Core,Bestial,15,0.11492044805817764,0.017238067208726646
177203952,Core,Brawny,13,0.08301560310641029,0.010792028403833339
177203952,Core,Canny,11,0.13304889685269888,0.014635378653796877
177203952,Core,Cerulean,19,0.03803095914182388,0.007225882236946538
177203952,Core,Clutch,11,0.17402944716789334,0.019143239188468268
177203952,Core,Coveted,15,0.16578369702502302,0.024867554553753456
177203952,Core,Crimson,13,0.15644630801510068,0.020338020041963088
177203952,Core,Dashing,15,0.6138421249039713,0.09207631873559569
177203952,Core,Elemental,15,0.15558070244170427,0.02333710536625564
177203952,Core,Emerald,18,0.21360606346741723,0.0384490914241351
177203952,Core,Glamorous,25,0.2592936288166952,0.0648234072041738
177203952,Core,Hirsute,10,0.44474072092198547,0.04447407209219855
177203952,Core,Otherworldly,13,0.2180000981730891,0.028340012762501584
177203952,Core,Sacrificial,15,0.09856928391877168,0.01478539258781575
177203952,Core,Virtuoso,13,0.5121850107896118,0.06658405140264953
183719386,Core,Balanced,15,0.26319685210276306,0.03947952781541446
183719386,Core,Bestial,15,0.2595585256274976,0.03893377884412464
183719386,Core,Brawny,13,0.5643413159656855,0.07336437107553911
183719386,Core,Canny,11,0,0
183719386,Core,Cerulean,19,0.030082582131888927,0.005715690605058896
183719386,Core,Clutch,11,0.24371987432444825,0.02680918617568931
183719386,Core,Coveted,15,0.43558408342845373,0.06533761251426806
183719386,Core,Crimson,13,0.4268116992574162,0.055485520903464106
183719386,Core,Dashing,15,0.17246183193155154,0.025869274789732732
183719386,Core,Elemental,15,0.14194118101954994,0.02129117715293249
183719386,Core,Emerald,18,0.17755507433183837,0.031959913379730906
183719386,Core,Glamorous,25,0.030082582131888927,0.007520645532972232
183719386,Core,Hirsute,10,0.5703138728746749,0.05703138728746749
183719386,Core,Otherworldly,13,0.1394805692346233,0.01813247400050103
183719386,Core,Sacrificial,15,0.14987928232280068,0.0224818923484201
183719386,Core,Virtuoso,13,0.24271477552127588,0.03155292081776587
196878136,Support,Balanced,15,0.2309133935241459,0.034637009028621886
196878136,Support,Bestial,15,0.17901992622664467,0.0268529889339967
196878136,Support,Brawny,13,0.05559543726359809,0.007227406844267752
196878136,Support,Canny,11,0.6392790500667591,0.0703206955073435
196878136,Support,Cerulean,19,0.20311959390388784,0.03859272284173869
196878136,Support,Clutch,11,0.2461710155639458,0.027078811712034037
196878136,Support,Coveted,15,0.10720557152211482,0.016080835728317224
196878136,Support,Crimson,13,0.23281927098247782,0.030266505227722118
196878136,Support,Dashing,15,0.07421211914549686,0.01113181787182453
196878136,Support,Elemental,15,0.2312305930824546,0.03468458896236819
196878136,Support,Emerald,18,0.18419435061466033,0.03315498311063886
196878136,Support,Glamorous,25,0.03614022614476346,0.009035056536190866
196878136,Support,Hirsute,10,0.3569402763067178,0.03569402763067178
196878136,Support,Otherworldly,13,0.07759688955328506,0.010087595641927058
196878136,Support,Sacrificial,15,0.20663417089251282,0.03099512563387692
196878136,Support,Virtuoso,13,0.1811524196231565,0.023549814551010347
206642367,Core,Balanced,15,0.0112746097799563,0.0016911914669934449
206642367,Core,Bestial,15,0.07131092109914827,0.01069663816487224
206642367,Core,Brawny,13,0.26364635127285585,0.03427402566547126
206642367,Core,Canny,11,0,0
206642367,Core,Cerulean,19,0.10687743967349522,0.020306713537964094
206642367,Core,Clutch,11,0.2702448417820922,0.029726932596030143
206642367,Core,Coveted,15,0.5718185264535068,0.08577277896802603
206642367,Core,Crimson,13,0.23165617623201562,0.030115302910162033
206642367,Core,Dashing,15,0.7250790389471878,0.10876185584207818
206642367,Core,Elemental,15,0.23285231214917057,0.03492784682237558
206642367,Core,Emerald,18,0.16603336173764377,0.02988600511277588
206642367,Core,Glamorous,25,0.10046233017512185,0.025115582543780463
206642367,Core,Hirsute,10,0.27618849082550223,0.027618849082550224
206642367,Core,Otherworldly,13,0.11019843267093297,0.014325796247221287
206642367,Core,Sacrificial,15,0.042357009151143175,0.006353551372671477
206642367,Core,Virtuoso,13,0.36246512541388415,0.04712046630380493
292921272,Core,Balanced,15,0.2881141656687049,0.04321712485030574
292921272,Core,Bestial,15,0.07949282893259212,0.01192392433988882
292921272,Core,Brawny,13,0.5784953773276199,0.07520439905259059
292921272,Core,Canny,11,0.13339045700367522,0.014672950270404274
292921272,Core,Cerulean,19,0.12004595267530076,0.022808731008307145
292921272,Core,Clutch,11,0.17402944716789334,0.019143239188468268
292921272,Core,Coveted,15,0.25994080762526045,0.03899112114378907
292921272,Core,Crimson,13,0.4835790766988345,0.06286527997084848
292921272,Core,Dashing,15,0,0
292921272,Core,Elemental,15,0.2780085331889533,0.041701279978343
292921272,Core,Emerald,18,0.023911587862684564,0.004304085815283222
292921272,Core,Glamorous,25,0,0
292921272,Core,Hirsute,10,0.46803111059611874,0.04680311105961187
292921272,Core,Otherworldly,13,0.19843092576129923,0.0257960203489689
292921272,Core,Sacrificial,15,0.221742756765716,0.033261413514857396
292921272,Core,Virtuoso,13,0.11564301770528153,0.015033592301686598
317880638,Support,Balanced,15,0.2300936651787763,0.03451404977681645
317880638,Support,Bestial,15,0.04884808216546614,0.0073272123248199214
317880638,Support,Brawny,13,0,0
317880638,Support,Canny,11,0.5487112952915112,0.060358242482066234
317880638,Support,Cerulean,19,0.15170950856466645,0.028824806627286623
317880638,Support,Clutch,11,0.2461710155639458,0.027078811712034037
317880638,Support,Coveted,15,0.06764196047793165,0.010146294071689748
317880638,Support,Crimson,13,0.04848981268983705,0.006303675649678816
317880638,Support,Dashing,15,0.22119503952971248,0.03317925592945687
317880638,Support,Elemental,15,0.03665101799899149,0.005497652699848723
317880638,Support,Emerald,18,0.5051819852149885,0.09093275733869792
317880638,Support,Glamorous,25,0.0834293549551434,0.020857338738785855
317880638,Support,Hirsute,10,0.22119503952971248,0.022119503952971246
317880638,Support,Otherworldly,13,0.32072225884281325,0.04169389364956572
317880638,Support,Sacrificial,15,0.05912333141171175,0.008868499711756761
317880638,Support,Virtuoso,13,0.4828648695398887,0.06277243304018552
320252024,Core,Balanced,15,0.10968988130257923,0.016453482195386882
320252024,Core,Bestial,15,0.1337813506655734,0.02006720259983601
320252024,Core,Brawny,13,0.07600080348332386,0.0098801044528321
320252024,Core,Canny,11,0.04307852391231748,0.004738637630354922
320252024,Core,Cerulean,19,0.1459531283140347,0.02773109437966659
320252024,Core,Clutch,11,0.2395619501694938,0.02635181451864432
320252024,Core,Coveted,15,0.2764275825126399,0.041464137376895985
320252024,Core,Crimson,13,0.18749545182560257,0.024374408737328334
320252024,Core,Dashing,15,0.7712307913017794,0.11568461869526692
320252024,Core,Elemental,15,0.1720527662790101,0.025807914941851515
320252024,Core,Emerald,18,0.15319763839078715,0.027575574910341686
320252024,Core,Glamorous,25,0.2333071348463151,0.058326783711578775
320252024,Core,Hirsute,10,0.07907404571526916,0.007907404571526916
320252024,Core,Otherworldly,13,0.30284127731720484,0.03936936605123663
320252024,Core,Sacrificial,15,0.1776102170233981,0.026641532553509716
320252024,Core,Virtuoso,13,0.407041539167026,0.05291540009171338
331855530,Core,Balanced,15,0.1971660024863154,0.029574900372947313
331855530,Core,Bestial,15,0.00614545775962423,9.218186639436345e-4
331855530,Core,Brawny,13,0.15701639990838298,0.020412131988089787
331855530,Core,Canny,11,0.042707188082027135,0.004697790689022985
331855530,Core,Cerulean,19,0.03731714195931241,0.007090256972269358
331855530,Core,Clutch,11,0.24861782313500785,0.027347960544850863
331855530,Core,Coveted,15,0.31623073696506687,0.04743461054476003
331855530,Core,Crimson,13,0.14912855967546967,0.019386712757811057
331855530,Core,Dashing,15,0.6031104095232745,0.09046656142849117
331855530,Core,Elemental,15,0.01511573529256538,0.002267360293884807
331855530,Core,Emerald,18,0.27470593517619724,0.049447068331715506
331855530,Core,Glamorous,25,0.22171002112771707,0.05542750528192927
331855530,Core,Hirsute,10,0.3432991698757997,0.03432991698757997
331855530,Core,Otherworldly,13,0.21333045863005703,0.027732959621907412
331855530,Core,Sacrificial,15,0.4227681480480958,0.06341522220721436
331855530,Core,Virtuoso,13,0.10936185156628508,0.01421704070361706
480412663,Mid,Balanced,15,0.2749258226990402,0.04123887340485603
480412663,Mid,Bestial,15,0.2695163780962807,0.0404274567144421
480412663,Mid,Brawny,13,0.32589566486836885,0.042366436432887955
480412663,Mid,Canny,11,0.28100254952527576,0.030910280447780335
480412663,Mid,Cerulean,19,0.25708484253247543,0.04884612008117033
480412663,Mid,Clutch,11,0.2461710155639458,0.027078811712034037
480412663,Mid,Coveted,15,0.16177503012889868,0.024266254519334805
480412663,Mid,Crimson,13,0.2459773474497505,0.031977055168467564
480412663,Mid,Dashing,15,0.11817596290731515,0.017726394436097272
480412663,Mid,Elemental,15,0.21427487498380093,0.03214123124757014
480412663,Mid,Emerald,18,0.015285155248361382,0.0027513279447050486
480412663,Mid,Glamorous,25,0.23102419041544725,0.05775604760386181
480412663,Mid,Hirsute,10,0.4204854004142036,0.04204854004142036
480412663,Mid,Otherworldly,13,0.3977541377703893,0.051708037910150606
480412663,Mid,Sacrificial,15,0.25663127298391286,0.03849469094758693
480412663,Mid,Virtuoso,13,0.19062013105987619,0.024780617037783906
898455820,Mid,Balanced,15,0.45633277772214176,0.06844991665832127
898455820,Mid,Bestial,15,0.1623739430115829,0.024356091451737436
898455820,Mid,Brawny,13,0.3583813592758925,0.046589576705866026
898455820,Mid,Canny,11,0.05847474554306154,0.00643222200973677
898455820,Mid,Cerulean,19,0.046427734709954524,0.00882126959489136
898455820,Mid,Clutch,11,0.24371987432444825,0.02680918617568931
898455820,Mid,Coveted,15,0.16424288750749505,0.02463643312612426
898455820,Mid,Crimson,13,0.3119821233914759,0.04055767604089187
898455820,Mid,Dashing,15,0.1268111174589043,0.019021667618835645
898455820,Mid,Elemental,15,0.04999653316012025,0.007499479974018039
898455820,Mid,Emerald,18,0.11191076633450267,0.02014393794021048
898455820,Mid,Glamorous,25,0.06519027560017202,0.016297568900043004
898455820,Mid,Hirsute,10,0.39808740308722856,0.039808740308722855
898455820,Mid,Otherworldly,13,0.10326872610779624,0.01342493439401351
898455820,Mid,Sacrificial,15,0.5009993471317917,0.07514990206976875
898455820,Mid,Virtuoso,13,0.5298362717546896,0.06887871532810964
898754153,Core,Balanced,15,0.0778430250767413,0.011676453761511196
898754153,Core,Bestial,15,0.1881710733096811,0.028225660996452167
898754153,Core,Brawny,13,0.23894186740026335,0.031062442762034233
898754153,Core,Canny,11,0.014503699319343597,0.0015954069251277955
898754153,Core,Cerulean,19,0.13619122183772434,0.025876332149167625
898754153,Core,Clutch,11,0.16616103977219862,0.01827771437494185
898754153,Core,Coveted,15,0.6443976935357951,0.09665965403036926
898754153,Core,Crimson,13,0.10411635441339648,0.013535126073741542
898754153,Core,Dashing,15,0.6687114082036517,0.10030671123054775
898754153,Core,Elemental,15,0.12874042034934127,0.01931106305240119
898754153,Core,Emerald,18,0.11966594750573187,0.021539870551031733
898754153,Core,Glamorous,25,0.22110478764319585,0.055276196910798964
898754153,Core,Hirsute,10,0.19623394295639263,0.019623394295639262
898754153,Core,Otherworldly,13,0.2183531271769036,0.02838590653299747
898754153,Core,Sacrificial,15,0.05911688085051864,0.008867532127577795
898754153,Core,Virtuoso,13,0.5006585000324534,0.06508560500421895
1044002267,Core,Balanced,15,0.16123503423642116,0.02418525513546317
1044002267,Core,Bestial,15,0.10209818743698841,0.015314728115548262
1044002267,Core,Brawny,13,0.12148847744037357,0.015793502067248565
1044002267,Core,Canny,11,0.13326269278786687,0.014658896206665354
1044002267,Core,Cerulean,19,0.09061135348584656,0.017216157162310848
1044002267,Core,Clutch,11,0.18569557535351996,0.020426513288887196
1044002267,Core,Coveted,15,0.5007427736911471,0.07511141605367205
1044002267,Core,Crimson,13,0.18161518515102157,0.023609974069632802
1044002267,Core,Dashing,15,0.5840137955353385,0.08760206933030078
1044002267,Core,Elemental,15,0.12400806004460788,0.018601209006691183
1044002267,Core,Emerald,18,0.20957261593168508,0.037723070867703316
1044002267,Core,Glamorous,25,0.13750866124242406,0.034377165310606014
1044002267,Core,Hirsute,10,0.38608226720077365,0.03860822672007736
1044002267,Core,Otherworldly,13,0.24486952303312962,0.031833037994306854
1044002267,Core,Sacrificial,15,0.2442838594761112,0.03664257892141668
1044002267,Core,Virtuoso,13,0.27499708552898616,0.0357496211187682
