player_id,player_role,emblem_colour,emblem_stat,average,stddev
10366616,Support,Blue,Camps Stacked,566.9456772163035,499.4780531579065
10366616,Support,Blue,Lotuses Grabbed,1112.2671018231615,812.6555618570517
10366616,Support,Blue,Runes Grabbed,511.01702031342353,289.3799926411648
10366616,Support,Blue,Smokes Used,630.4988771768944,332.8883263599796
10366616,Support,Blue,Wards Placed,1108.9493630786765,383.234442014735
10366616,Support,Blue,Watchers Taken,1332.0719924921716,849.8422250220879
10366616,Support,Green,Courier Kills,189.2521774101175,357.84100999323346
10366616,Support,Green,First Blood,0,0
10366616,Support,Green,Roshan Kills,111.93544163516152,290.8591846061762
10366616,Support,Green,Stuns,206.92597085328129,373.8782923188588
10366616,Support,Green,Teamfight Participation,1230.538073781639,247.01487789626935
10366616,Support,Green,Tormentor Kills,769.1743049338567,734.5822093423888
10366616,Support,Red,Creep Score,570.0763177035554,409.5188378576584
10366616,Support,Red,Deaths,846.438288786664,539.7985182035898
10366616,Support,Red,GPM,833.6322125475091,181.65907141696104
10366616,Support,Red,Kills,261.1777572294687,225.32277909395594
10366616,Support,Red,Madstone Collected,277.7585064686938,237.82693449650384
10366616,Support,Red,Tower Kills,444.3378513702598,432.3128012135274
25907144,Support,Blue,Camps Stacked,960.0630885550851,686.84762875872
25907144,Support,Blue,Lotuses Grabbed,534.5282937640769,415.1868867176143
25907144,Support,Blue,Runes Grabbed,446.6320537576381,317.5397647476539
25907144,Support,Blue,Smokes Used,1208.7939086686306,785.7063626113123
25907144,Support,Blue,Wards Placed,1164.6904113251737,644.0084388356505
25907144,Support,Blue,Watchers Taken,457.5488107009352,316.9652326889586
25907144,Support,Green,Courier Kills,514.4831997498599,842.5159615981767
25907144,Support,Green,First Blood,89.69967222233767,384.59237259512577
25907144,Support,Green,Roshan Kills,88.55175222278295,262.76684924496516
25907144,Support,Green,Stuns,592.8537096420316,389.1573924703082
25907144,Support,Green,Teamfight Participation,1309.191089797846,298.1104105689756
25907144,Support,Green,Tormentor Kills,629.788580426964,603.3296859460265
25907144,Support,Red,Creep Score,308.44548691038693,217.48735361270977
25907144,Support,Red,Deaths,745.7786801601036,585.563560701954
25907144,Support,Red,GPM,725.2156212940241,132.59377693585492
25907144,Support,Red,Kills,441.1537641840979,352.4521948461611
25907144,Support,Red,Madstone Collected,97.90703981131266,137.8397865142499
25907144,Support,Red,Tower Kills,105.86967983821943,198.63041479433764
56351509,Core,Blue,Camps Stacked,326.1754124572836,266.9915521047446
56351509,Core,Blue,Lotuses Grabbed,371.4122651167865,357.570971436167
56351509,Core,Blue,Runes Grabbed,307.0150366746396,274.9096723811625
56351509,Core,Blue,Smokes Used,6.543197064811471,42.93587743119186
56351509,Core,Blue,Wards Placed,3.710036405683086,20.327825686183118
56351509,Core,Blue,Watchers Taken,395.06152540201873,397.64845869932657
56351509,Core,Green,Courier Kills,114.94567805893855,330.8375647391317
56351509,Core,Green,First Blood,117.63419622242691,435.54390517209436
56351509,Core,Green,Roshan Kills,193.3551773289202,410.6944610421471
56351509,Core,Green,Stuns,392.31704619376745,469.86116979848083
56351509,Core,Green,Teamfight Participation,1243.6085743998517,313.8391151606709
56351509,Core,Green,Tormentor Kills,488.3374347139872,606.9073417904764
56351509,Core,Red,Creep Score,1037.3320502472757,355.6866533328417
56351509,Core,Red,Deaths,1210.2732438447601,370.7672452686941
56351509,Core,Red,GPM,1162.6858456865816,156.50042767788682
56351509,Core,Red,Kills,407.93749280663917,254.44631707166653
56351509,Core,Red,Madstone Collected,602.0600199284754,270.24100448724073
56351509,Core,Red,Tower Kills,585.7116406652691,670.3928211975688
73401082,Support,Blue,Camps Stacked,411.69334088821364,350.54514578346044
73401082,Support,Blue,Lotuses Grabbed,906.3529981806262,760.2740957164312
73401082,Support,Blue,Runes Grabbed,349.4551066381051,221.19163798450853
73401082,Support,Blue,Smokes Used,1572.4597581201394,621.0348480180699
73401082,Support,Blue,Wards Placed,1272.6032288505403,456.5097778724077
73401082,Support,Blue,Watchers Taken,463.09416140643236,435.38237869472067
73401082,Support,Green,Courier Kills,163.2863784699446,357.12157155978133
73401082,Support,Green,First Blood,196.07970578060417,548.2017718006491
73401082,Support,Green,Roshan Kills,103.6694234772863,280.80359311752494
73401082,Support,Green,Stuns,232.76354966028407,267.1290250114954
73401082,Support,Green,Teamfight Participation,1343.1618343193054,299.8553775710934
73401082,Support,Green,Tormentor Kills,427.31101625254075,589.2679739783788
73401082,Support,Red,Creep Score,231.50249346264073,168.53731129766612
73401082,Support,Red,Deaths,776.0943058314962,470.7204503793359
73401082,Support,Red,GPM,663.43489966407,153.41526026221095
73401082,Support,Red,Kills,300.20547176630924,202.59019142384835
73401082,Support,Red,Madstone Collected,77.18920399319691,92.72176387206382
73401082,Support,Red,Tower Kills,111.72993167416408,270.8100011732525
81306398,Support,Blue,Camps Stacked,1127.2965097704873,689.8703257538207
81306398,Support,Blue,Lotuses Grabbed,734.2778129620999,540.5337488454182
81306398,Support,Blue,Runes Grabbed,541.7688243254671,277.1708709533747
81306398,Support,Blue,Smokes Used,1107.6279892503157,585.8454595482103
81306398,Support,Blue,Wards Placed,1434.333874900474,554.2294630275298
81306398,Support,Blue,Watchers Taken,453.57021214636063,543.6612628380744
81306398,Support,Green,Courier Kills,342.2245972262062,546.29053091687
81306398,Support,Green,First Blood,88.91787117192641,383.55848078844235
81306398,Support,Green,Roshan Kills,14.799984860756126,112.66891284612201
81306398,Support,Green,Stuns,380.7434263439227,548.4445349241158
81306398,Support,Green,Teamfight Participation,1199.8686875761414,255.4727448104294
81306398,Support,Green,Tormentor Kills,415.80553865916056,463.4066806351994
81306398,Support,Red,Creep Score,271.12642109191006,159.5425323717949
81306398,Support,Red,Deaths,723.2784506636544,587.3897390788056
81306398,Support,Red,GPM,701.3373551369397,145.05099424962586
81306398,Support,Red,Kills,266.9988888647314,171.20437301755848
81306398,Support,Red,Madstone Collected,156.48445513601607,162.61851577992297
81306398,Support,Red,Tower Kills,64.84316177658084,152.18763827533476
86698277,Core,Blue,Camps Stacked,612.4844096975249,443.0648523446253
86698277,Core,Blue,Lotuses Grabbed,162.0475091100915,215.3622248183658
86698277,Core,Blue,Runes Grabbed,209.1534265340935,177.3951932445463
86698277,Core,Blue,Smokes Used,40.628110106748,116.45218435512547
86698277,Core,Blue,Wards Placed,6.85717371949358,27.273623075607613
86698277,Core,Blue,Watchers Taken,159.32398770907136,264.66035483720725
86698277,Core,Green,Courier Kills,281.2592893479806,577.5283027125735
86698277,Core,Green,First Blood,248.39273593563914,607.0422884156098
86698277,Core,Green,Roshan Kills,131.23835194001651,310.4901065386301
86698277,Core,Green,Stuns,332.7533577983482,311.5475745112565
86698277,Core,Green,Teamfight Participation,1256.9186859579097,333.01075638750154
86698277,Core,Green,Tormentor Kills,481.14124804082246,562.5175837970372
86698277,Core,Red,Creep Score,950.8110031744775,320.32490798564027
86698277,Core,Red,Deaths,999.4156448260771,515.888693643963
86698277,Core,Red,GPM,1168.2095830418907,186.66893170098814
86698277,Core,Red,Kills,660.0225110049831,473.1136328582619
86698277,Core,Red,Madstone Collected,827.573064927045,309.10302498094467
86698277,Core,Red,Tower Kills,512.6067192598993,533.5822204052436
93618577,Mid,Blue,Camps Stacked,390.5834718163934,300.0916190722443
93618577,Mid,Blue,Lotuses Grabbed,433.6337193375893,521.3015940946733
93618577,Mid,Blue,Runes Grabbed,1140.7005243165024,543.1321227903045
93618577,Mid,Blue,Smokes Used,36.024852336375666,95.3570190208851
93618577,Mid,Blue,Wards Placed,199.32335274598287,119.26162059751263
93618577,Mid,Blue,Watchers Taken,111.19832858316644,173.12655029235458
93618577,Mid,Green,Courier Kills,336.1916696932204,558.0550117326851
93618577,Mid,Green,First Blood,168.92419319767257,514.1255749393574
93618577,Mid,Green,Roshan Kills,88.00724515429735,261.7939276649039
93618577,Mid,Green,Stuns,760.9437287986974,776.139574750218
93618577,Mid,Green,Teamfight Participation,1303.0373538823872,338.4169451597561
93618577,Mid,Green,Tormentor Kills,375.74721015972193,568.8026925289212
93618577,Mid,Red,Creep Score,1125.946913736291,517.754152825735
93618577,Mid,Red,Deaths,1138.963315808075,461.3859407143759
93618577,Mid,Red,GPM,1227.8165789441546,198.29706468845754
93618577,Mid,Red,Kills,751.9870643512104,410.1745070238777
93618577,Mid,Red,Madstone Collected,498.1456227892,251.896628650272
93618577,Mid,Red,Tower Kills,381.57751996967636,424.4689287918919
94296097,Support,Blue,Camps Stacked,467.51883801006255,364.69819890631175
94296097,Support,Blue,Lotuses Grabbed,737.9111522083709,580.023101310772
94296097,Support,Blue,Runes Grabbed,388.2030944075317,297.0400389722953
94296097,Support,Blue,Smokes Used,1432.917373689477,636.7863419886895
94296097,Support,Blue,Wards Placed,1570.707094891162,696.6576268399957
94296097,Support,Blue,Watchers Taken,568.2834346551897,762.4522128677671
94296097,Support,Green,Courier Kills,0,0
94296097,Support,Green,First Blood,141.81874281559132,476.7910123712786
94296097,Support,Green,Roshan Kills,0,0
94296097,Support,Green,Stuns,382.4373031256729,450.4228246774488
94296097,Support,Green,Teamfight Participation,1216.7172172740018,380.9987714671399
94296097,Support,Green,Tormentor Kills,422.2275108593662,630.9666985031258
94296097,Support,Red,Creep Score,165.91382312693798,96.63532224862199
94296097,Support,Red,Deaths,906.4879669367199,544.4607086581757
94296097,Support,Red,GPM,595.1561644120146,117.36261019125286
94296097,Support,Red,Kills,230.486663132,213.7397769505909
94296097,Support,Red,Madstone Collected,72.23223553114585,99.71832847106913
94296097,Support,Red,Tower Kills,25.68955186442456,101.95703455959327
100058342,Core,Blue,Camps Stacked,547.1985089503014,488.55468660104054
100058342,Core,Blue,Lotuses Grabbed,675.4747609084611,464.3015522531586
100058342,Core,Blue,Runes Grabbed,583.1483704336237,323.55604434193623
100058342,Core,Blue,Smokes Used,25.496962256986482,107.4672208905947
100058342,Core,Blue,Wards Placed,21.75149627553954,54.95860638556225
100058342,Core,Blue,Watchers Taken,450.2747213159784,386.8349404224862
100058342,Core,Green,Courier Kills,186.18171781220076,502.5785326807492
100058342,Core,Green,First Blood,273.9408624622087,632.4831725121846
100058342,Core,Green,Roshan Kills,639.502341059579,645.7405505672103
100058342,Core,Green,Stuns,343.8706755299854,382.14183417945173
100058342,Core,Green,Teamfight Participation,1229.6436205644866,243.25291733496437
100058342,Core,Green,Tormentor Kills,1161.525587547785,903.8508183327186
100058342,Core,Red,Creep Score,1597.7020080498755,716.8471603666455
100058342,Core,Red,Deaths,1130.739523202326,544.3763054360268
100058342,Core,Red,GPM,1424.7815224479625,239.60843538157783
100058342,Core,Red,Kills,992.6993961257277,396.9674583889083
100058342,Core,Red,Madstone Collected,1277.0438899871851,564.5847563301663
100058342,Core,Red,Tower Kills,1193.302834187792,811.4983729662644
101356886,Support,Blue,Camps Stacked,560.1455761413123,497.67954003872006
101356886,Support,Blue,Lotuses Grabbed,602.6760897689204,490.744439064574
101356886,Support,Blue,Runes Grabbed,423.3947705478724,211.7448442132364
101356886,Support,Blue,Smokes Used,723.8632491681493,337.70067875773987
101356886,Support,Blue,Wards Placed,824.1373374153342,301.4441999507111
101356886,Support,Blue,Watchers Taken,628.3498914897928,700.6090891115268
101356886,Support,Green,Courier Kills,268.2703027795759,438.3160943530742
101356886,Support,Green,First Blood,231.03254742759063,589.3903688706317
101356886,Support,Green,Roshan Kills,31.79191305858021,163.17385714612985
101356886,Support,Green,Stuns,539.8342776561046,879.2073084931174
101356886,Support,Green,Teamfight Participation,1287.258574237853,274.30928828738024
101356886,Support,Green,Tormentor Kills,446.76869937566704,536.5368721570558
101356886,Support,Red,Creep Score,247.49899327730733,156.61488562275963
101356886,Support,Red,Deaths,818.2307006299457,623.2415854382506
101356886,Support,Red,GPM,655.974871962789,123.33128942934763
101356886,Support,Red,Kills,239.04166976322705,199.3361115018628
101356886,Support,Red,Madstone Collected,59.40989198876821,72.14713127030387
101356886,Support,Red,Tower Kills,132.81194735873143,296.40318868329297
103735745,Support,Blue,Camps Stacked,738.6483541301562,586.8179969852972
103735745,Support,Blue,Lotuses Grabbed,942.255338544661,753.6594036844014
103735745,Support,Blue,Runes Grabbed,486.17198839836,324.13304762686437
103735745,Support,Blue,Smokes Used,379.10441719518496,361.2089522862483
103735745,Support,Blue,Wards Placed,664.3382033931294,276.50102543574786
103735745,Support,Blue,Watchers Taken,527.3927493406636,629.0206025531464
103735745,Support,Green,Courier Kills,501.8477414482225,671.6430013813015
103735745,Support,Green,First Blood,71.42035948732371,344.77871840810013
103735745,Support,Green,Roshan Kills,24.00703686203324,142.35816714819276
103735745,Support,Green,Stuns,661.4705282784929,535.4085297045957
103735745,Support,Green,Teamfight Participation,1308.3471043947743,244.20965087503458
103735745,Support,Green,Tormentor Kills,318.79413368463736,473.5331425259967
103735745,Support,Red,Creep Score,380.70580048403707,246.22014678166408
103735745,Support,Red,Deaths,558.0478672114742,636.6918811457524
103735745,Support,Red,GPM,719.902013545738,171.7168567154349
103735745,Support,Red,Kills,341.173485868366,290.2750865293986
103735745,Support,Red,Madstone Collected,213.4188169755948,202.5738884336409
103735745,Support,Red,Tower Kills,217.6816944610918,303.1674968080959
106573901,Mid,Blue,Camps Stacked,320.6622557711051,255.22877767036496
106573901,Mid,Blue,Lotuses Grabbed,281.3900562094733,342.7712012634956
106573901,Mid,Blue,Runes Grabbed,1289.9925674995402,565.4249554146178
106573901,Mid,Blue,Smokes Used,28.531154717384798,86.01787027595348
106573901,Mid,Blue,Wards Placed,193.22486212443906,51.76526659454744
106573901,Mid,Blue,Watchers Taken,206.16936273622386,311.8781671147048
106573901,Mid,Green,Courier Kills,169.55919225998133,397.88007134948145
106573901,Mid,Green,First Blood,253.79370874557426,611.5996820891143
106573901,Mid,Green,Roshan Kills,211.50503139117075,389.4453288009244
106573901,Mid,Green,Stuns,623.0902500299095,599.2480343300741
106573901,Mid,Green,Teamfight Participation,1376.2175040098218,217.69358492173916
106573901,Mid,Green,Tormentor Kills,377.1520030131627,541.2677413148754
106573901,Mid,Red,Creep Score,1188.0492250991178,439.5591624807195
106573901,Mid,Red,Deaths,1072.9965113511564,420.43144298716174
106573901,Mid,Red,GPM,1221.5401158573939,177.63241167287802
106573901,Mid,Red,Kills,818.4717740836625,423.75889463863314
106573901,Mid,Red,Madstone Collected,608.427523642661,324.51365767922056
106573901,Mid,Red,Tower Kills,240.65161566560715,290.3726520042412
111114687,Support,Blue,Camps Stacked,314.9670692581404,282.8738544056844
111114687,Support,Blue,Lotuses Grabbed,767.1618835084524,682.1817404211349
111114687,Support,Blue,Runes Grabbed,331.55131747968716,275.6937617973916
111114687,Support,Blue,Smokes Used,1235.7464118510632,597.8779963336007
111114687,Support,Blue,Wards Placed,1533.592053933525,556.2416211885208
111114687,Support,Blue,Watchers Taken,1039.4910041466699,1039.948429319656
111114687,Support,Green,Courier Kills,217.16263550174833,387.96918200565744
111114687,Support,Green,First Blood,152.75028998022913,491.84877200979093
111114687,Support,Green,Roshan Kills,84.2061512143986,320.27729793731044
111114687,Support,Green,Stuns,392.9046873226112,472.2840116292946
111114687,Support,Green,Teamfight Participation,1337.8484989334227,241.95772561910297
111114687,Support,Green,Tormentor Kills,269.1931322104795,400.04442655428653
111114687,Support,Red,Creep Score,196.0946774575616,146.18663450400913
111114687,Support,Red,Deaths,619.0917600348306,557.3182468550903
111114687,Support,Red,GPM,655.058602692586,115.98308018067586
111114687,Support,Red,Kills,321.0551868095909,233.73876651665853
111114687,Support,Red,Madstone Collected,71.18510070441135,97.88898427607359
111114687,Support,Red,Tower Kills,54.5447297293521,165.38650162096943
111620041,Mid,Blue,Camps Stacked,216.52524543908555,250.0463466152567
111620041,Mid,Blue,Lotuses Grabbed,336.3982219641142,488.2299332238157
111620041,Mid,Blue,Runes Grabbed,1299.694128448193,660.2732151847648
111620041,Mid,Blue,Smokes Used,22.009591193813502,89.48080189159369
111620041,Mid,Blue,Wards Placed,186.27611725736574,80.38813753377191
111620041,Mid,Blue,Watchers Taken,332.3101691040664,453.7176351794794
111620041,Mid,Green,Courier Kills,339.99986139953967,590.2003257559808
111620041,Mid,Green,First Blood,109.28633722286462,421.83178987654696
111620041,Mid,Green,Roshan Kills,280.5868337040716,498.09648186256106
111620041,Mid,Green,Stuns,526.2305555850986,682.0395739988868
111620041,Mid,Green,Teamfight Participation,1377.4827466682134,255.95369716601246
111620041,Mid,Green,Tormentor Kills,169.31694702525832,437.8165111574451
111620041,Mid,Red,Creep Score,1271.6377186293482,497.60749988737103
111620041,Mid,Red,Deaths,1153.9943080366015,441.0380669370559
111620041,Mid,Red,GPM,1239.542021717679,205.73916457227148
111620041,Mid,Red,Kills,961.1310179699667,507.7003445074205
111620041,Mid,Red,Madstone Collected,720.9260034238791,481.7278355396432
111620041,Mid,Red,Tower Kills,298.46370731747265,408.2353946295844
118134220,Core,Blue,Camps Stacked,394.31870447004,291.7730522889407
118134220,Core,Blue,Lotuses Grabbed,337.03474198602606,301.9696034569543
118134220,Core,Blue,Runes Grabbed,246.64351280033875,171.7498962627378
118134220,Core,Blue,Smokes Used,2.326634995659936,25.853842189197653
118134220,Core,Blue,Wards Placed,1.572605399524854,13.392641202749205
118134220,Core,Blue,Watchers Taken,102.33905730411566,144.97339062502803
118134220,Core,Green,Courier Kills,101.38450322297855,278.7247663129301
118134220,Core,Green,First Blood,125.62367270794606,449.93562733347073
118134220,Core,Green,Roshan Kills,316.41710882803426,453.09817669159935
118134220,Core,Green,Stuns,406.13292445721305,389.74833546186545
118134220,Core,Green,Teamfight Participation,1326.2850850553116,251.45059352617457
118134220,Core,Green,Tormentor Kills,633.3695129750142,704.4184108911147
118134220,Core,Red,Creep Score,1000.8043716017278,382.75727033469605
118134220,Core,Red,Deaths,1022.1736084488064,542.1554565858193
118134220,Core,Red,GPM,1095.1328263794665,191.7033209127308
118134220,Core,Red,Kills,588.2605003946278,366.5078510054314
118134220,Core,Red,Madstone Collected,641.8824018884784,363.2185386428163
118134220,Core,Red,Tower Kills,315.80333985324614,427.9449215312062
127617979,Core,Blue,Camps Stacked,412.2971573917279,290.72134702685867
127617979,Core,Blue,Lotuses Grabbed,189.361831844787,236.28478409139166
127617979,Core,Blue,Runes Grabbed,385.8448168493828,263.02809199036074
127617979,Core,Blue,Smokes Used,4.651080399625283,36.37446613093286
127617979,Core,Blue,Wards Placed,14.094344039072972,37.74486986999065
127617979,Core,Blue,Watchers Taken,68.20477517534249,121.06061613669901
127617979,Core,Green,Courier Kills,86.1722048000327,259.3619519162883
127617979,Core,Green,First Blood,219.13370630475308,575.8872330161889
127617979,Core,Green,Roshan Kills,359.2918224160709,555.5440085763847
127617979,Core,Green,Stuns,226.80277572282546,224.0099962119101
127617979,Core,Green,Teamfight Participation,1185.9437159680617,381.6541848766572
127617979,Core,Green,Tormentor Kills,404.53386987578074,585.8296049515076
127617979,Core,Red,Creep Score,1183.0876070039055,443.18172231207603
127617979,Core,Red,Deaths,1150.3842426684982,450.6939338875123
127617979,Core,Red,GPM,1283.6804650450265,210.96818546996002
127617979,Core,Red,Kills,773.1877707635923,488.84999029842817
127617979,Core,Red,Madstone Collected,1060.935202830016,435.1356078545247
127617979,Core,Red,Tower Kills,508.88383413504346,561.6667381635779
129958758,Core,Blue,Camps Stacked,390.1500054023571,345.98270921747667
129958758,Core,Blue,Lotuses Grabbed,316.482542225913,351.25997130864937
129958758,Core,Blue,Runes Grabbed,236.91356044225085,218.23297668602154
129958758,Core,Blue,Smokes Used,5.901142892951347,40.811435525894346
129958758,Core,Blue,Wards Placed,0,0
129958758,Core,Blue,Watchers Taken,157.46551235937162,303.8460003925968
129958758,Core,Green,Courier Kills,147.11432836091194,409.47155856151755
129958758,Core,Green,First Blood,209.07927985863785,563.4809153363398
129958758,Core,Green,Roshan Kills,144.12170636575405,351.2158041307447
129958758,Core,Green,Stuns,459.57528920598406,638.0551137632991
129958758,Core,Green,Teamfight Participation,1331.011394456934,262.9686199044473
129958758,Core,Green,Tormentor Kills,432.8204095673779,536.7748293435409
129958758,Core,Red,Creep Score,1096.4051388752225,409.9366651812261
129958758,Core,Red,Deaths,1200.178729698847,383.2871629900802
129958758,Core,Red,GPM,1133.6306035243479,302.50886021983945
129958758,Core,Red,Kills,484.3728148725389,357.0085692085092
129958758,Core,Red,Madstone Collected,539.1998610738265,390.270835971023
129958758,Core,Red,Tower Kills,362.00726446541825,480.38973769873945
131303632,Mid,Blue,Camps Stacked,471.91221273363976,271.42010921717025
131303632,Mid,Blue,Lotuses Grabbed,199.6062002330245,317.5388548443804
131303632,Mid,Blue,Runes Grabbed,1207.5341030022603,549.0220654538845
131303632,Mid,Blue,Smokes Used,72.19086210778482,145.83213794822746
131303632,Mid,Blue,Wards Placed,146.6229767108618,73.1028694116504
131303632,Mid,Blue,Watchers Taken,106.55649008560461,188.73098608356636
131303632,Mid,Green,Courier Kills,274.3300456466313,610.0304169846969
131303632,Mid,Green,First Blood,99.22625729226404,403.8838641619957
131303632,Mid,Green,Roshan Kills,287.0447102087927,518.2423089992558
131303632,Mid,Green,Stuns,608.5440333451933,641.6424000593439
131303632,Mid,Green,Teamfight Participation,1203.4325639997162,314.1600830457227
131303632,Mid,Green,Tormentor Kills,443.66602140733454,557.8991142582181
131303632,Mid,Red,Creep Score,1097.152792131051,357.4924385193202
131303632,Mid,Red,Deaths,1247.581922833844,453.56818112884037
131303632,Mid,Red,GPM,1209.1888698425269,181.08809414379965
131303632,Mid,Red,Kills,854.733477548366,523.3490472173552
131303632,Mid,Red,Madstone Collected,590.8498453616277,382.1783430508413
131303632,Mid,Red,Tower Kills,343.56840435510617,414.0512370937339
137129583,Mid,Blue,Camps Stacked,364.4180720121495,339.2503538961666
137129583,Mid,Blue,Lotuses Grabbed,251.8621221142562,319.76992494574705
137129583,Mid,Blue,Runes Grabbed,1305.996993053733,510.399408894125
137129583,Mid,Blue,Smokes Used,22.33633868062476,77.00921156676792
137129583,Mid,Blue,Wards Placed,189.4160336913796,72.9500809659596
137129583,Mid,Blue,Watchers Taken,142.05504287382692,237.2502441042091
137129583,Mid,Green,Courier Kills,332.9956956625147,553.8917650808452
137129583,Mid,Green,First Blood,10.172527983323588,132.32200356676844
137129583,Mid,Green,Roshan Kills,247.0829655080968,540.0392719884617
137129583,Mid,Green,Stuns,311.98159242614514,390.3033763415915
137129583,Mid,Green,Teamfight Participation,1355.1266276276856,290.2419551547914
137129583,Mid,Green,Tormentor Kills,371.21993746914296,478.61632082488427
137129583,Mid,Red,Creep Score,1219.326840670869,426.61040585695883
137129583,Mid,Red,Deaths,1148.9802383617234,383.50604286906594
137129583,Mid,Red,GPM,1224.945267446018,295.78763034391756
137129583,Mid,Red,Kills,778.4217742815305,491.9360150567717
137129583,Mid,Red,Madstone Collected,692.7625111971175,521.4198108033806
137129583,Mid,Red,Tower Kills,363.6430346135679,359.13864229132736
140288368,Support,Blue,Camps Stacked,543.1918317541564,435.3037520996253
140288368,Support,Blue,Lotuses Grabbed,283.1868058309007,251.47371405861628
140288368,Support,Blue,Runes Grabbed,279.2772917169989,196.40372743160808
140288368,Support,Blue,Smokes Used,1026.0332036649656,456.5970732888035
140288368,Support,Blue,Wards Placed,936.4147058500068,512.3590231003641
140288368,Support,Blue,Watchers Taken,354.5099141834594,401.4798593467002
140288368,Support,Green,Courier Kills,68.31611177793714,234.976251140383
140288368,Support,Green,First Blood,191.20848488314678,546.1538718591928
140288368,Support,Green,Roshan Kills,61.83229562891503,224.47285139489026
140288368,Support,Green,Stuns,318.6542056298347,497.0064805611333
140288368,Support,Green,Teamfight Participation,1179.3045534428882,297.5714798659503
140288368,Support,Green,Tormentor Kills,358.7564036420321,508.542755001752
140288368,Support,Red,Creep Score,220.4514425433483,119.22312455203658
140288368,Support,Red,Deaths,475.84501959520463,752.5985940285694
140288368,Support,Red,GPM,616.5440308296788,135.0696780330497
140288368,Support,Red,Kills,257.9749968305474,219.83770835810097
140288368,Support,Red,Madstone Collected,60.32023583492782,67.62242850482562
140288368,Support,Red,Tower Kills,115.47986385160534,197.50677508315238
140297552,Core,Blue,Camps Stacked,322.12593317718483,303.67922641168195
140297552,Core,Blue,Lotuses Grabbed,701.1546372502237,668.7444291443344
140297552,Core,Blue,Runes Grabbed,328.7505751935838,281.23752563198667
140297552,Core,Blue,Smokes Used,41.177438893065236,100.95746536346724
140297552,Core,Blue,Wards Placed,16.475380620349625,43.01576842535252
140297552,Core,Blue,Watchers Taken,340.08765438198907,468.7156904209503
140297552,Core,Green,Courier Kills,263.8243205436611,497.615068292371
140297552,Core,Green,First Blood,92.6606361108481,390.4467334352814
140297552,Core,Green,Roshan Kills,208.32232224059842,445.6809730559434
140297552,Core,Green,Stuns,632.2555654756486,561.3918396892038
140297552,Core,Green,Teamfight Participation,1184.851011540918,257.53277128850016
140297552,Core,Green,Tormentor Kills,700.453252616533,785.7779094390831
140297552,Core,Red,Creep Score,992.4425401138959,330.59594589451706
140297552,Core,Red,Deaths,967.8121038959694,477.3779880234131
140297552,Core,Red,GPM,1070.7336515559207,165.77015824327293
140297552,Core,Red,Kills,509.7357408470891,341.6230443286325
140297552,Core,Red,Madstone Collected,549.7031163677751,349.6975264864638
140297552,Core,Red,Tower Kills,569.4759461625781,628.0470874479745
150961567,Support,Blue,Camps Stacked,771.5845412273015,539.3283672762668
150961567,Support,Blue,Lotuses Grabbed,770.9795550255222,559.6939787016701
150961567,Support,Blue,Runes Grabbed,301.49814166816964,249.51786946174764
150961567,Support,Blue,Smokes Used,659.038812707386,448.0843610884502
150961567,Support,Blue,Wards Placed,634.519323673489,275.1938048843356
150961567,Support,Blue,Watchers Taken,520.003390684186,537.1876645254654
150961567,Support,Green,Courier Kills,376.7080329752693,558.8826166301089
150961567,Support,Green,First Blood,112.49950990921526,427.55561472230625
150961567,Support,Green,Roshan Kills,21.437046160021335,134.83591668885848
150961567,Support,Green,Stuns,721.256365165602,651.7857430490035
150961567,Support,Green,Teamfight Participation,1370.4095260770262,214.16105328823548
150961567,Support,Green,Tormentor Kills,200.42738051868338,365.0503298707639
150961567,Support,Red,Creep Score,319.7475790543756,185.50963688119458
150961567,Support,Red,Deaths,829.6582214153885,488.19835567360826
150961567,Support,Red,GPM,712.3299175606909,129.3616634526231
150961567,Support,Red,Kills,433.8989882199589,312.84943861463347
150961567,Support,Red,Madstone Collected,129.07427778547225,108.84632604770081
150961567,Support,Red,Tower Kills,48.09687262061334,130.89723774378206
152168157,Support,Blue,Camps Stacked,631.03312056394,604.1909393490644
152168157,Support,Blue,Lotuses Grabbed,837.9451855138709,672.6363259108374
152168157,Support,Blue,Runes Grabbed,344.87962557149393,244.38566157259163
152168157,Support,Blue,Smokes Used,1317.1803718121125,629.3937489309702
152168157,Support,Blue,Wards Placed,1326.6711972472328,520.9316365055363
152168157,Support,Blue,Watchers Taken,542.470271431934,595.3889641765111
152168157,Support,Green,Courier Kills,303.4693964260966,412.3934440198638
152168157,Support,Green,First Blood,347.1598308463085,693.9609585901933
152168157,Support,Green,Roshan Kills,83.32101003841365,314.50715684884716
152168157,Support,Green,Stuns,873.2925302979305,643.9670541561173
152168157,Support,Green,Teamfight Participation,1190.5092842640188,285.40468459916053
152168157,Support,Green,Tormentor Kills,416.14084738548985,539.0983102927847
152168157,Support,Red,Creep Score,257.4061533653058,141.82250395414897
152168157,Support,Red,Deaths,557.3841094342582,585.7103696211608
152168157,Support,Red,GPM,629.8672498561756,94.16447917792836
152168157,Support,Red,Kills,351.4281189303818,226.21523137753985
152168157,Support,Red,Madstone Collected,64.42398855233286,93.19187019891977
152168157,Support,Red,Tower Kills,46.08205700418939,127.70439666154023
157475523,Support,Blue,Camps Stacked,706.3846963631578,522.6014882978737
157475523,Support,Blue,Lotuses Grabbed,769.4933944283833,648.9340921063583
157475523,Support,Blue,Runes Grabbed,524.2291697621886,312.47600882698214
157475523,Support,Blue,Smokes Used,575.6708738955037,438.7457006180672
157475523,Support,Blue,Wards Placed,585.7511763883475,319.3540908321537
157475523,Support,Blue,Watchers Taken,419.23391103704176,578.9481388302052
157475523,Support,Green,Courier Kills,152.13704811340259,364.4424253569395
157475523,Support,Green,First Blood,288.94382889411304,647.07867032918
157475523,Support,Green,Roshan Kills,180.97636345025555,399.7831398092773
157475523,Support,Green,Stuns,992.5898588155757,918.3046739336635
157475523,Support,Green,Teamfight Participation,1417.323136590455,266.5663466270261
157475523,Support,Green,Tormentor Kills,459.57625677169364,556.5349862478391
157475523,Support,Red,Creep Score,299.79093879560503,232.1880189388382
157475523,Support,Red,Deaths,780.284478527477,505.5913141312549
157475523,Support,Red,GPM,708.8083943232336,203.9770067900295
157475523,Support,Red,Kills,425.7233413030061,277.9194930109004
157475523,Support,Red,Madstone Collected,67.95409198119292,103.62494845056837
157475523,Support,Red,Tower Kills,199.02654101841068,405.5504780698072
157989498,Support,Blue,Camps Stacked,669.2464292088295,454.40250566294276
157989498,Support,Blue,Lotuses Grabbed,1338.9449544766699,947.395346056873
157989498,Support,Blue,Runes Grabbed,381.83727705790335,257.1645818275989
157989498,Support,Blue,Smokes Used,483.3672751593711,373.5721983448906
157989498,Support,Blue,Wards Placed,555.8729571337408,200.2670795144195
157989498,Support,Blue,Watchers Taken,509.51261987229026,651.3529694723893
157989498,Support,Green,Courier Kills,560.0686956039452,816.5433598637596
157989498,Support,Green,First Blood,225.56300273897267,584.4202625937646
157989498,Support,Green,Roshan Kills,113.11242789238287,335.2851038925707
157989498,Support,Green,Stuns,999.281220025908,702.3566173591404
157989498,Support,Green,Teamfight Participation,1239.9276758334233,187.69315538862068
157989498,Support,Green,Tormentor Kills,366.46310225643765,571.1923401812929
157989498,Support,Red,Creep Score,202.8137336539329,122.6240841620198
157989498,Support,Red,Deaths,538.1315478527794,815.2814658895179
157989498,Support,Red,GPM,657.5257879033211,99.67005350435994
157989498,Support,Red,Kills,309.2982208081118,276.910196508287
157989498,Support,Red,Madstone Collected,34.34259400130441,77.33702551457914
157989498,Support,Red,Tower Kills,124.25099403476149,264.75263773535676
164199202,Support,Blue,Camps Stacked,951.9671650238867,691.0827245412537
164199202,Support,Blue,Lotuses Grabbed,1040.8744070222208,897.0154318110979
164199202,Support,Blue,Runes Grabbed,603.2322524540702,442.5365173397655
164199202,Support,Blue,Smokes Used,217.6756597900682,233.07777345722351
164199202,Support,Blue,Wards Placed,827.0520339759128,294.4249827155198
164199202,Support,Blue,Watchers Taken,618.5731201889657,628.2455514921078
164199202,Support,Green,Courier Kills,793.6467212266239,1314.9538501360432
164199202,Support,Green,First Blood,204.1649155503977,557.8842696026373
164199202,Support,Green,Roshan Kills,69.66633689378445,235.37664092461262
164199202,Support,Green,Stuns,614.066940468246,649.4416891436005
164199202,Support,Green,Teamfight Participation,1229.1389805481529,263.33725971345007
164199202,Support,Green,Tormentor Kills,334.7388649418823,503.26710834418617
164199202,Support,Red,Creep Score,400.48533204004616,265.6791874819955
164199202,Support,Red,Deaths,519.1444302282521,607.0591147373618
164199202,Support,Red,GPM,728.3555986715079,178.98081048437902
164199202,Support,Red,Kills,288.3097472873645,236.49514989670163
164199202,Support,Red,Madstone Collected,222.68303729304185,226.18725855839025
164199202,Support,Red,Tower Kills,44.991922555769705,124.62210099628962
165564598,Core,Blue,Camps Stacked,339.32111320093685,285.06869505103987
165564598,Core,Blue,Lotuses Grabbed,488.0733974553266,509.8635042405595
165564598,Core,Blue,Runes Grabbed,288.59557522400456,233.8269507849662
165564598,Core,Blue,Smokes Used,10.50684114369925,54.07384411287665
165564598,Core,Blue,Wards Placed,7.192130892071785,27.877969288420335
165564598,Core,Blue,Watchers Taken,231.0850303453625,332.2536467373583
165564598,Core,Green,Courier Kills,129.92184528564567,385.84878173090016
165564598,Core,Green,First Blood,286.4735787533328,643.0838631151513
165564598,Core,Green,Roshan Kills,330.8945246305244,527.5926917153372
165564598,Core,Green,Stuns,446.11952080645943,526.6937234670195
165564598,Core,Green,Teamfight Participation,1262.555962175974,277.47225240224697
165564598,Core,Green,Tormentor Kills,676.1946104149504,608.2014179692762
165564598,Core,Red,Creep Score,1017.6103462511223,353.4394978487258
165564598,Core,Red,Deaths,1063.626147644343,515.1644779525755
165564598,Core,Red,GPM,1134.2135829828542,175.10546986178596
165564598,Core,Red,Kills,682.4518964493922,384.24332962635003
165564598,Core,Red,Madstone Collected,662.477351826723,377.52789955144135
165564598,Core,Red,Tower Kills,413.89491835686823,605.7109761764566
173978074,Mid,Blue,Camps Stacked,307.3780114085807,262.76663487494335
173978074,Mid,Blue,Lotuses Grabbed,346.13102987403,387.2801550132212
173978074,Mid,Blue,Runes Grabbed,1122.7131567014083,595.8654618189391
173978074,Mid,Blue,Smokes Used,35.04876348998758,107.33526395343807
173978074,Mid,Blue,Wards Placed,140.39394815719572,64.69595741273011
173978074,Mid,Blue,Watchers Taken,214.28405726555889,299.64317481038904
173978074,Mid,Green,Courier Kills,135.79254765661742,336.54572924800965
173978074,Mid,Green,First Blood,68.98310919994157,339.36025424354705
173978074,Mid,Green,Roshan Kills,223.38234467397302,457.43063810355216
173978074,Mid,Green,Stuns,907.6914055703095,853.2746647678707
173978074,Mid,Green,Teamfight Participation,1374.7901634473083,265.4168846245511
173978074,Mid,Green,Tormentor Kills,496.7361580044235,456.2355573765992
173978074,Mid,Red,Creep Score,1096.9575564880056,409.6922537448852
173978074,Mid,Red,Deaths,1073.6639031627656,441.05242819927446
173978074,Mid,Red,GPM,1172.1542119414262,200.69278916993426
173978074,Mid,Red,Kills,796.4181575058946,415.72365789356485
173978074,Mid,Red,Madstone Collected,597.9724032822106,369.47417566513803
173978074,Mid,Red,Tower Kills,93.48311769407171,189.52851397921114
177203952,Core,Blue,Camps Stacked,379.54802133054767,289.44598588892126
177203952,Core,Blue,Lotuses Grabbed,427.35271131525553,300.591812871206
177203952,Core,Blue,Runes Grabbed,296.4563109208723,194.72129138247246
177203952,Core,Blue,Smokes Used,39.92617805319148,132.01125176655862
177203952,Core,Blue,Wards Placed,9.688999132251595,32.06202618287571
177203952,Core,Blue,Watchers Taken,36.635662248215006,64.23034639973866
177203952,Core,Green,Courier Kills,232.56346977981326,447.90809144817985
177203952,Core,Green,First Blood,264.8249759860401,624.75555474628
177203952,Core,Green,Roshan Kills,570.0105811572914,585.4747555377185
177203952,Core,Green,Stuns,337.98306713118853,391.594075177104
177203952,Core,Green,Teamfight Participation,1279.7667384832562,174.08445574274748
177203952,Core,Green,Tormentor Kills,630.3817080367041,572.5514450781071
177203952,Core,Red,Creep Score,1336.970296459971,463.52031695264844
177203952,Core,Red,Deaths,1262.9039043784567,443.9134226075861
177203952,Core,Red,GPM,1459.5929444732697,241.63326528329705
177203952,Core,Red,Kills,1358.055095847098,609.8410094041394
177203952,Core,Red,Madstone Collected,1002.688079418357,572.3951415718391
177203952,Core,Red,Tower Kills,926.0611409112827,711.0014503593396
183719386,Core,Blue,Camps Stacked,430.2347903427148,376.49555514291745
183719386,Core,Blue,Lotuses Grabbed,301.61392592685775,307.47418284084773
183719386,Core,Blue,Runes Grabbed,440.50762719647554,311.8996437806746
183719386,Core,Blue,Smokes Used,43.69951690589217,103.48130663252518
183719386,Core,Blue,Wards Placed,5.6867812121778,24.998368682474677
183719386,Core,Blue,Watchers Taken,548.8172873074737,404.1084406746363
183719386,Core,Green,Courier Kills,311.9751570537745,499.4681382503217
183719386,Core,Green,First Blood,318.3156622158001,671.0968795452828
183719386,Core,Green,Roshan Kills,198.34659332490403,435.6322898025493
183719386,Core,Green,Stuns,608.6810196991279,933.7406517943381
183719386,Core,Green,Teamfight Participation,1255.5968493381974,234.8688417514108
183719386,Core,Green,Tormentor Kills,501.242859572064,656.9506265546449
183719386,Core,Red,Creep Score,1208.925026285415,515.5115570980275
183719386,Core,Red,Deaths,979.8520782427422,451.6800977912894
183719386,Core,Red,GPM,1215.2596743281674,167.3523057718893
183719386,Core,Red,Kills,852.4848378978791,348.69813926601245
183719386,Core,Red,Madstone Collected,747.8071854680263,427.0564577390866
183719386,Core,Red,Tower Kills,341.75047398208227,444.4122068071824
196878136,Support,Blue,Camps Stacked,477.15994783652934,426.46228649826276
196878136,Support,Blue,Lotuses Grabbed,701.2751994664785,726.2349318455426
196878136,Support,Blue,Runes Grabbed,482.9329392416802,250.32026543588202
196878136,Support,Blue,Smokes Used,803.6308769815599,389.2435348711404
196878136,Support,Blue,Wards Placed,1325.6557784745257,310.34744667556083
196878136,Support,Blue,Watchers Taken,560.2660871182951,544.2051547230388
196878136,Support,Green,Courier Kills,128.25885686296644,329.5408104172125
196878136,Support,Green,First Blood,306.97533888978853,660.852452621629
196878136,Support,Green,Roshan Kills,24.12864046860898,142.6579532367418
196878136,Support,Green,Stuns,406.15563799456487,475.31295135023316
196878136,Support,Green,Teamfight Participation,1208.2146524957707,258.1170866799009
196878136,Support,Green,Tormentor Kills,227.33061804941903,380.2166068460056
196878136,Support,Red,Creep Score,284.9595190029608,260.7705009850863
196878136,Support,Red,Deaths,786.0766609745324,543.9954916059593
196878136,Support,Red,GPM,689.2487380616567,172.90660074895084
196878136,Support,Red,Kills,329.1405530541344,257.4504001205395
196878136,Support,Red,Madstone Collected,63.27498047532942,86.38034703267422
196878136,Support,Red,Tower Kills,99.53482866010276,242.39208017493436
206642367,Core,Blue,Camps Stacked,325.76946232131314,330.44221532310445
206642367,Core,Blue,Lotuses Grabbed,258.7299969746741,244.42855376697202
206642367,Core,Blue,Runes Grabbed,398.671892152467,301.8949966769839
206642367,Core,Blue,Smokes Used,23.786182652534126,79.44230075189456
206642367,Core,Blue,Wards Placed,20.540000744548454,50.593651270035366
206642367,Core,Blue,Watchers Taken,127.61644754494657,196.47741646913505
206642367,Core,Green,Courier Kills,195.39100658609001,443.8980450960362
206642367,Core,Green,First Blood,80.71882122646228,365.7706922981608
206642367,Core,Green,Roshan Kills,622.6455392968753,687.5473137881654
206642367,Core,Green,Stuns,457.34393527146625,389.79910074903313
206642367,Core,Green,Teamfight Participation,1115.6686459495722,274.980851418336
206642367,Core,Green,Tormentor Kills,882.0800201284134,777.0292906229026
206642367,Core,Red,Creep Score,1548.7735255418359,586.114899809606
206642367,Core,Red,Deaths,1048.5591620167086,459.48992236295817
206642367,Core,Red,GPM,1444.9803299614855,213.61279906441322
206642367,Core,Red,Kills,869.9927357386916,495.2654261561939
206642367,Core,Red,Madstone Collected,1145.9923512445573,682.8804645674259
206642367,Core,Red,Tower Kills,1060.2975357071248,923.3909934524432
292921272,Core,Blue,Camps Stacked,486.0396668146539,505.67391530060985
292921272,Core,Blue,Lotuses Grabbed,692.8329725345769,450.82778104530496
292921272,Core,Blue,Runes Grabbed,301.0779905681848,246.41063526780528
292921272,Core,Blue,Smokes Used,43.245506290409274,103.18868841002704
292921272,Core,Blue,Wards Placed,20.267392666741316,50.32553640241013
292921272,Core,Blue,Watchers Taken,165.96006086753405,245.49123215905604
292921272,Core,Green,Courier Kills,417.04377588080484,526.4434572734938
292921272,Core,Green,First Blood,190.2156588702486,543.0737519023294
292921272,Core,Green,Roshan Kills,147.88457878041575,425.96301119915415
292921272,Core,Green,Stuns,575.3718516357875,386.13485482394105
292921272,Core,Green,Teamfight Participation,1331.3572882844815,213.47871354306056
292921272,Core,Green,Tormentor Kills,498.79338732056397,521.4652654213609
292921272,Core,Red,Creep Score,1057.4539766341236,416.16695106858265
292921272,Core,Red,Deaths,1131.2124570429041,574.5782879272239
292921272,Core,Red,GPM,1222.0554104558091,174.61972135386125
292921272,Core,Red,Kills,895.267255813072,514.6681553680116
292921272,Core,Red,Madstone Collected,656.0690675958816,457.37750260897667
292921272,Core,Red,Tower Kills,362.1610721056096,533.9495935079938
317880638,Support,Blue,Camps Stacked,592.191140114437,403.7156252344989
317880638,Support,Blue,Lotuses Grabbed,218.29922321440702,259.0957839630388
317880638,Support,Blue,Runes Grabbed,216.59779559262438,166.48049799478358
317880638,Support,Blue,Smokes Used,1175.7048692195897,511.87907090683535
317880638,Support,Blue,Wards Placed,791.6013263363608,439.4735508364979
317880638,Support,Blue,Watchers Taken,341.93443672663045,360.1219707863907
317880638,Support,Green,Courier Kills,126.66619670526788,305.89551246194793
317880638,Support,Green,First Blood,147.96979739164692,484.29499823100974
317880638,Support,Green,Roshan Kills,73.99667896498991,273.13826002078787
317880638,Support,Green,Stuns,955.5836986499428,639.1298165696644
317880638,Support,Green,Teamfight Participation,1314.1641823163386,230.78775388054723
317880638,Support,Green,Tormentor Kills,477.5304431099792,591.2233822238476
317880638,Support,Red,Creep Score,185.38225034451168,109.34799929783094
317880638,Support,Red,Deaths,923.2384399707697,660.2312112027477
317880638,Support,Red,GPM,640.582991939069,110.88054951994383
317880638,Support,Red,Kills,415.94943651443486,326.3448529869505
317880638,Support,Red,Madstone Collected,72.48368062696437,121.11930833220389
317880638,Support,Red,Tower Kills,150.67901480368576,258.865036614145
320252024,Core,Blue,Camps Stacked,273.71117553531747,244.17529158042012
320252024,Core,Blue,Lotuses Grabbed,415.1485064329892,292.09501024929614
320252024,Core,Blue,Runes Grabbed,383.1874149910794,241.363976336598
320252024,Core,Blue,Smokes Used,0,0
320252024,Core,Blue,Wards Placed,5.023330919500083,23.562492114722918
320252024,Core,Blue,Watchers Taken,26.3088095885781,57.715479522836645
320252024,Core,Green,Courier Kills,145.05120809021585,419.19236443623817
320252024,Core,Green,First Blood,189.06895193388453,540.7453530134987
320252024,Core,Green,Roshan Kills,623.6489835834938,867.1845199901372
320252024,Core,Green,Stuns,229.75071495361613,301.67809725209554
320252024,Core,Green,Teamfight Participation,1178.9292809546225,280.9134036267237
320252024,Core,Green,Tormentor Kills,941.725867039987,639.7525773178288
320252024,Core,Red,Creep Score,1767.835393444023,924.9167982151006
320252024,Core,Red,Deaths,1264.8716378147906,341.86573009719586
320252024,Core,Red,GPM,1557.788663458009,277.57827377978816
320252024,Core,Red,Kills,1003.0617109542111,501.66928562602806
320252024,Core,Red,Madstone Collected,1345.5821108107612,522.3185123203912
320252024,Core,Red,Tower Kills,1458.6094287327078,988.3424745329714
331855530,Core,Blue,Camps Stacked,455.47008701595774,315.5251667703189
331855530,Core,Blue,Lotuses Grabbed,560.7281899651613,429.6943194267966
331855530,Core,Blue,Runes Grabbed,391.7945728893963,256.0800298218077
331855530,Core,Blue,Smokes Used,0,0
331855530,Core,Blue,Wards Placed,15.438808222359384,49.11314345434075
331855530,Core,Blue,Watchers Taken,61.15043556125446,117.20305151763993
331855530,Core,Green,Courier Kills,208.6096663398282,369.7884599251805
331855530,Core,Green,First Blood,35.35196716889376,245.2409207637265
331855530,Core,Green,Roshan Kills,509.43083482704,570.2545286081651
331855530,Core,Green,Stuns,229.94700403951217,220.89406843000182
331855530,Core,Green,Teamfight Participation,1163.5875244609178,222.42571723561437
331855530,Core,Green,Tormentor Kills,788.0344277217465,619.1203073495413
331855530,Core,Red,Creep Score,1572.184265061574,579.0329654656422
331855530,Core,Red,Deaths,1144.3282880867669,475.80156082762096
331855530,Core,Red,GPM,1487.4575522289133,220.17621102688923
331855530,Core,Red,Kills,893.2663408043975,438.9146883251994
331855530,Core,Red,Madstone Collected,1083.3524968918068,479.0775257331878
331855530,Core,Red,Tower Kills,1071.5996996600388,798.8093716386134
480412663,Mid,Blue,Camps Stacked,346.51146345707815,295.70264523476425
480412663,Mid,Blue,Lotuses Grabbed,158.54757725759538,318.72597309739035
480412663,Mid,Blue,Runes Grabbed,1412.852301215303,523.2123718980538
480412663,Mid,Blue,Smokes Used,12.84505986026374,59.53164495531174
480412663,Mid,Blue,Wards Placed,157.8613358355333,78.10814166873064
480412663,Mid,Blue,Watchers Taken,69.20773978200452,101.56686847869057
480412663,Mid,Green,Courier Kills,285.31766705033357,462.43798683631394
480412663,Mid,Green,First Blood,131.91678298568667,459.6295468578876
480412663,Mid,Green,Roshan Kills,283.9893897687332,467.943776326349
480412663,Mid,Green,Stuns,521.2862502202369,687.186427823348
480412663,Mid,Green,Teamfight Participation,1381.2923169540134,219.45070087219298
480412663,Mid,Green,Tormentor Kills,508.03293373165815,536.5562857735009
480412663,Mid,Red,Creep Score,1274.9015876630049,381.2802634718507
480412663,Mid,Red,Deaths,1434.0585847845969,313.7713478194932
480412663,Mid,Red,GPM,1287.4009016983541,167.68621676208787
480412663,Mid,Red,Kills,981.2100328948367,509.85439040344033
480412663,Mid,Red,Madstone Collected,1002.3803468997767,485.5615409132553
480412663,Mid,Red,Tower Kills,404.27354641413257,482.8205371733488
898455820,Mid,Blue,Camps Stacked,573.6817028133416,620.2510323202621
898455820,Mid,Blue,Lotuses Grabbed,440.79451108424956,469.7668901013993
898455820,Mid,Blue,Runes Grabbed,1181.8780376927834,571.8022573584371
898455820,Mid,Blue,Smokes Used,228.65628388718446,325.4841616587571
898455820,Mid,Blue,Wards Placed,180.86157444549383,74.89922216281536
898455820,Mid,Blue,Watchers Taken,268.31961444684987,306.6639846743414
898455820,Mid,Green,Courier Kills,151.19123802517828,352.4271423232952
898455820,Mid,Green,First Blood,77.62596412855365,359.11272585542775
898455820,Mid,Green,Roshan Kills,347.0482491340168,734.8284431175739
898455820,Mid,Green,Stuns,1148.8268062756592,1179.367355954001
898455820,Mid,Green,Teamfight Participation,1410.9944153214883,273.5674215520855
898455820,Mid,Green,Tormentor Kills,589.5528917777888,741.6871464641569
898455820,Mid,Red,Creep Score,1204.7187084944214,505.0207037773245
898455820,Mid,Red,Deaths,1103.2403367690242,464.58439232673305
898455820,Mid,Red,GPM,1228.2662128319223,185.78811781804168
898455820,Mid,Red,Kills,998.8107758990102,509.6496129600091
898455820,Mid,Red,Madstone Collected,860.5700375660871,469.83213815038755
898455820,Mid,Red,Tower Kills,326.6838108405005,481.9944364927739
898754153,Core,Blue,Camps Stacked,477.96027805080666,358.9868238118691
898754153,Core,Blue,Lotuses Grabbed,369.8064257234217,320.52764559141787
898754153,Core,Blue,Runes Grabbed,305.25457179144104,202.57655641205707
898754153,Core,Blue,Smokes Used,0,0
898754153,Core,Blue,Wards Placed,14.111180646740097,39.3191282929896
898754153,Core,Blue,Watchers Taken,81.27648039763702,179.63417830648862
898754153,Core,Green,Courier Kills,141.6995446339474,341.1502945653803
898754153,Core,Green,First Blood,210.04614843565238,564.5991346988163
898754153,Core,Green,Roshan Kills,557.0209731276009,596.5863308702309
898754153,Core,Green,Stuns,257.4504079906897,314.6352225737341
898754153,Core,Green,Teamfight Participation,1193.7309617579467,349.55033288701935
898754153,Core,Green,Tormentor Kills,679.9519751354545,742.2353883506172
898754153,Core,Red,Creep Score,1607.2237456521727,501.052621480214
898754153,Core,Red,Deaths,1186.3180983139948,467.0205206644363
898754153,Core,Red,GPM,1525.261346563544,356.05321008976654
898754153,Core,Red,Kills,835.0103805182221,542.2271364783878
898754153,Core,Red,Madstone Collected,1114.7821021017344,693.1058094189278
898754153,Core,Red,Tower Kills,1059.6046669652442,798.3887193388275
1044002267,Core,Blue,Camps Stacked,471.9946376475321,340.1824186294135
1044002267,Core,Blue,Lotuses Grabbed,168.27916174069492,197.2146309728965
1044002267,Core,Blue,Runes Grabbed,371.9389986488581,277.5089075486009
1044002267,Core,Blue,Smokes Used,4.513044819885394,35.78894970536549
1044002267,Core,Blue,Wards Placed,0,0
1044002267,Core,Blue,Watchers Taken,88.58715393408812,117.98458455264746
1044002267,Core,Green,Courier Kills,116.6494192971262,332.66241413588784
1044002267,Core,Green,First Blood,366.9313893673087,706.041754489555
1044002267,Core,Green,Roshan Kills,578.1165005987816,727.299674668088
1044002267,Core,Green,Stuns,208.2777835503331,302.6501542359639
1044002267,Core,Green,Teamfight Participation,1240.5421804146029,267.4238989539582
1044002267,Core,Green,Tormentor Kills,897.7482594424624,774.4753938847196
1044002267,Core,Red,Creep Score,1790.6482063463084,605.6798409620318
1044002267,Core,Red,Deaths,1323.9402744663005,367.9266085085891
1044002267,Core,Red,GPM,1605.9655702137868,267.90790427702484
1044002267,Core,Red,Kills,979.8299680584414,562.293509549739
1044002267,Core,Red,Madstone Collected,1471.5849751659403,512.0373321143935
1044002267,Core,Red,Tower Kills,943.6477657489878,724.0196797233978
